mean,std,var,rms,skewness,kurtosis,ptp,min,max,median,iqr,mad,zero_crossing_rate,n_peaks,rr_mean,rr_std,rr_cv,peak_amp_mean,dominant_freq,spectral_centroid,spectral_energy,band_power_0_5,band_power_5_15,band_power_15_40,d1_energy,d2_energy,label
-0.31840833333333335,0.16677428171533723,0.027813661041666667,0.3594405761426745,5.114509608071809,30.567242608849,1.56,-0.585,0.975,-0.345,0.08500000000000002,0.07675212499999999,0.06222222222222222,12,0.8189393939393939,0.02537093451031598,0.03098023455468742,1.4458333333333335,6.328125,13.893330864927215,3.952738217517289e-05,0.17631780432528216,0.43046783679384387,0.3788239013496834,0.0023536537927202,0.0006989230127848805,N
-0.36776805555555553,0.17929359172906326,0.032146192035108025,0.40914488231214896,4.772313894235204,27.944514988154612,1.73,-0.68,1.05,-0.39,0.10625000000000001,0.08786448070987656,0.050555555555555555,14,0.6833333333333333,0.1894599211664437,0.27725842121918587,1.3075000000000003,6.328125,13.99085752259156,6.159586454467644e-05,0.17109246937755906,0.4328947499564909,0.3804322161280853,0.002577590997499305,0.0007660575319622014,N
-0.36865277777777783,0.17209075123013037,0.02961522665895062,0.40684161196001356,4.960877125084796,29.75827574210041,1.745,-0.695,1.05,-0.395,0.09000000000000002,0.08179921296296297,0.049444444444444444,14,0.7442307692307693,0.15734042225047315,0.21141348726161766,1.3021428571428568,6.328125,14.329580663536253,4.526984226317232e-05,0.16690398214976948,0.41967308557965355,0.39643992260644934,0.0025570297304806887,0.0007568579766536965,N
-0.3446916666666666,0.17808160407053092,0.03171305770833333,0.38797603376726475,4.801553379484585,27.18790143463746,1.6600000000000001,-0.64,1.02,-0.37,0.09499999999999997,0.08420600925925928,0.04666666666666667,13,0.8157407407407407,0.018851178769909563,0.02310927703916269,1.4569230769230768,6.328125,13.280522931628107,4.6540206382280465e-05,0.1886759289058612,0.43816580974703295,0.3618005139591578,0.002545582106140595,0.0007132504168982769,N
-0.2986444444444445,0.17512137448772247,0.030667495802469132,0.3462022530255977,4.238194464075461,23.997182440516767,1.6800000000000002,-0.65,1.03,-0.32,0.125,0.09426853086419751,0.04027777777777778,12,0.8073232323232322,0.024195029428289862,0.02996944527245163,1.4312500000000001,6.328125,14.305961338852367,4.7093692519712295e-05,0.16379267501084718,0.42644734464391365,0.3927166646788112,0.002365261183662128,0.0007190314063368538,N
-0.28126805555555556,0.17430428082203203,0.030381982312885806,0.33089832485053305,4.80399285347831,27.827729761462024,1.71,-0.59,1.12,-0.305,0.09499999999999997,0.08355569212962961,0.05722222222222222,13,0.8030092592592594,0.021560111122913377,0.026849143860186157,1.371923076923077,6.328125,14.300339799640273,4.479295678323391e-05,0.1755455764528378,0.40870847379916,0.3987022899530844,0.0025846068352320087,0.0007813229571984435,N
-0.3296305555555556,0.17229203134898033,0.029684544066358023,0.37194199443222625,4.822305184871799,28.125510800938766,1.615,-0.655,0.96,-0.355,0.09500000000000003,0.08267205401234567,0.0525,14,0.6927350427350427,0.19047392554459416,0.27495927561650235,1.2864285714285715,6.328125,13.9557037455579,4.0779581378391525e-05,0.16867690576979535,0.42847125408530834,0.3894748812211825,0.002502445123645457,0.0007121178432462479,N
-0.3142652777777778,0.17504152813588283,0.030639536572145062,0.3597251748055575,4.799909737576276,28.16232262108789,1.705,-0.67,1.035,-0.34,0.09500000000000003,0.08414479706790123,0.050555555555555555,12,0.8106060606060606,0.02371318346175449,0.029253646887398066,1.4991666666666665,6.328125,14.128634837850433,5.77681220504621e-05,0.15666657387958519,0.44068854281102543,0.38735410200387577,0.002510030564045568,0.000739994441356309,N
-0.31332638888888886,0.18012333081426887,0.032444414303626545,0.3614109022674576,4.969187630298467,29.442801043664844,1.775,-0.65,1.125,-0.34,0.09000000000000002,0.08439501157407407,0.05555555555555555,13,0.7958333333333333,0.04950241088197191,0.06220198226006942,1.4319230769230769,6.328125,14.21138138509836,5.745978718154803e-05,0.16850976972669648,0.4250899435982978,0.388912224907451,0.0027135523756599057,0.0008106100611450806,N
-0.3100097222222222,0.17614697513702254,0.03102775684992284,0.3565582487087099,4.842198872617905,27.77018320508403,1.62,-0.62,1.0,-0.335,0.09000000000000002,0.08324351620370371,0.04777777777777778,13,0.8175925925925926,0.02152653321770866,0.026329168601500964,1.4815384615384617,6.328125,14.348285644680779,3.805061137604347e-05,0.16534398868309652,0.4212362629740074,0.39647501074788577,0.0027371283689913866,0.0008186075597554197,N
-0.35184861111111115,0.1722593913687659,0.029673297914737655,0.39175342124294915,4.812564387710424,28.150998505018222,1.62,-0.645,0.975,-0.375,0.09999999999999998,0.08289719753086418,0.04472222222222222,13,0.7699074074074074,0.10661525413497883,0.1384780210051439,1.3715384615384614,6.328125,14.14841328454985,5.6848209449473494e-05,0.16323734739690393,0.4302440973676803,0.3914473084488341,0.0024805779383161985,0.0007430933852140077,N
-0.3338013888888889,0.1723138713970781,0.02969207027584877,0.3756533475160311,4.860507827586648,28.284530055356296,1.655,-0.675,0.98,-0.36,0.09500000000000003,0.0820018024691358,0.051666666666666666,13,0.7993055555555556,0.023709625634678946,0.02966278098517609,1.468076923076923,6.328125,14.451022369498315,3.824204389044399e-05,0.17099848636187565,0.406279774419059,0.4047613361950714,0.0027298485690469576,0.0008264313507504169,N
-0.35433611111111113,0.17211108598289035,0.029622225918209878,0.39392423834483137,4.77401151967889,27.60907502023921,1.6400000000000001,-0.675,0.965,-0.38,0.09499999999999997,0.0836877561728395,0.051111111111111114,13,0.7722222222222221,0.1024582118972666,0.1326796988597697,1.3423076923076922,6.328125,13.778743967945113,4.7966865600270085e-05,0.17832298624382056,0.4329556133424434,0.3744586242408768,0.0023597596554598495,0.000719774874930517,N
-0.32160694444444443,0.16971837688292535,0.02880432745177469,0.36364179375680494,4.709370799383569,27.20385983566043,1.625,-0.65,0.975,-0.345,0.09125000000000005,0.08283209336419753,0.045,13,0.7944444444444446,0.01662804166302589,0.020930402093319297,1.4361538461538461,6.328125,14.468347459636405,2.9019304380695322e-05,0.18579025633805413,0.39145943411823225,0.40347138608850364,0.0026449222006112807,0.0008334560867148417,N
-0.28723055555555554,0.17005904909021788,0.028920080177469134,0.3337985503596776,4.799465540725901,27.591640406557786,1.54,-0.565,0.975,-0.315,0.08999999999999997,0.08201193827160495,0.044444444444444446,13,0.7715277777777779,0.05280366080727931,0.06844038844507848,1.3346153846153848,6.328125,13.792292100577717,5.462458488470045e-05,0.18169856757272623,0.42433151909109257,0.3793632360999376,0.002300854404001111,0.0006978043357420789,N
-0.3053430555555556,0.1729581687756295,0.02991452814621914,0.35092578948008685,4.649855880052624,25.623638283717714,1.56,-0.595,0.965,-0.33,0.09000000000000002,0.08329476543209877,0.05,15,0.6924603174603174,0.18691613553504688,0.2699304650706694,1.2323333333333333,6.328125,13.465442212753711,3.858129414250753e-05,0.18518609053557544,0.44351942137312317,0.3574514855334392,0.0023808488469019167,0.0007199485825458588,N
-0.3119763888888889,0.16953143185545233,0.028740906386959877,0.35506361910383205,4.630573702442848,26.67742182056667,1.67,-0.655,1.015,-0.335,0.10500000000000004,0.08428350385802467,0.05333333333333334,14,0.7168803418803419,0.1707632631589928,0.23820330002506296,1.2167857142857144,6.328125,13.802111554724375,4.911566221628676e-05,0.17495751667692658,0.43221143144776625,0.37848366017377,0.0022133856626840786,0.0006691286826014452,N
-0.3007472222222222,0.16450889875645552,0.02706317777006173,0.3428003346620952,5.041853547622373,30.51231281664986,1.64,-0.605,1.035,-0.32,0.08499999999999996,0.07636213888888889,0.05527777777777778,13,0.7525462962962962,0.16049314087578812,0.21326680054857114,1.3442307692307691,6.328125,14.473334694202327,3.7108693861975124e-05,0.16485527801125432,0.4123785432505126,0.4062443657123992,0.0024284384551264237,0.0007316078376876043,N
-0.35081111111111113,0.17870213543737115,0.03193445320987654,0.3937040625760533,4.585519157556651,25.67537433263789,1.62,-0.655,0.965,-0.375,0.10499999999999998,0.08850322839506172,0.042777777777777776,15,0.6880952380952381,0.19383813797583288,0.2817024842555357,1.2816666666666665,6.328125,13.898918782562268,3.5837872346292745e-05,0.19531315685730535,0.4060561838502747,0.381629350057576,0.002731599055293137,0.0008228182323513062,N
-0.39205833333333334,0.17420334362622195,0.030346804930555558,0.4290181134482164,4.793756998974793,27.989299553047445,1.62,-0.695,0.925,-0.415,0.09500000000000003,0.08407952777777779,0.04972222222222222,14,0.6946581196581196,0.19358620588831865,0.27867838928247657,1.275,6.328125,13.905469361354264,4.776709909363889e-05,0.17730725989375637,0.42192164707068447,0.38718846910399524,0.0024905946096137814,0.0007282031684269038,N
-0.33864999999999995,0.1648665192410717,0.027180969166666666,0.3766494280716044,4.768804012051615,28.421615556529332,1.58,-0.665,0.915,-0.355,0.09500000000000003,0.07973633333333333,0.058888888888888886,14,0.7215811965811967,0.1833920970512808,0.25415309866745456,1.2435714285714285,6.328125,14.549031192142852,3.674361617260037e-05,0.16087958697946683,0.41206765874340306,0.41005666864058515,0.0023964504028896913,0.0007357837687604226,N
-0.3234930555555555,0.1803050654264637,0.03250991661844136,0.3703480438872482,4.706960953613026,26.759373463841676,1.795,-0.655,1.14,-0.355,0.10000000000000003,0.08879597608024693,0.03944444444444444,15,0.6964285714285714,0.1865915044120993,0.26792626274557846,1.2809999999999997,6.328125,13.960955717132695,4.216847960072238e-05,0.18197620964239317,0.4142303018535611,0.3886917124791312,0.002650034731869964,0.0007570942190105615,N
-0.2579458333333333,0.1690861749699609,0.028590134565972227,0.3084253353730851,4.840571481029978,28.498529283074003,1.65,-0.555,1.095,-0.28,0.095,0.08158043055555557,0.04722222222222222,15,0.6444444444444446,0.23286517660695957,0.36134251542459234,1.1863333333333332,6.328125,13.990701156050772,3.854903890462477e-05,0.1771207819243861,0.4213252230470331,0.3863406355271631,0.002389372047791053,0.000715209838799333,N
-0.26381666666666664,0.17566821552131862,0.030859321944444445,0.31695197673394554,4.511080962172216,26.162844320865716,1.84,-0.595,1.245,-0.29,0.11000000000000001,0.09040333333333334,0.04138888888888889,14,0.6893162393162394,0.19312386159825198,0.28016728836944177,1.246071428571429,6.328125,13.85539606160469,5.114901539311791e-05,0.17520044269958035,0.4327346375998573,0.37692516656407976,0.0023376424006668517,0.0006895566981656475,N
-0.321975,0.17191172456137674,0.029553641041666665,0.3649952625263329,4.749618806270192,27.871995606580743,1.6600000000000001,-0.64,1.02,-0.34,0.09500000000000003,0.0843128888888889,0.0636111111111111,14,0.6818376068376069,0.20180399418992162,0.29597075926318805,1.274642857142857,4.921875,14.008312550700241,4.277518550553976e-05,0.17707315997747905,0.42825981433051835,0.3786943368964594,0.002423270352875799,0.000733469983324069,N
-0.3004305555555556,0.18027019276544684,0.03249734239969136,0.35036532521228625,4.725814614044606,27.240849285247037,1.795,-0.59,1.205,-0.33,0.10499999999999998,0.08917709104938272,0.04611111111111111,12,0.8095959595959595,0.02508022023825279,0.030978687505764522,1.4191666666666667,6.328125,12.298995774304661,6.64714047861263e-05,0.22287270490450556,0.46017999249381225,0.3060180734097998,0.002204140038899694,0.0006315175097276265,N
-0.3069944444444444,0.17968207253746277,0.03228564719135803,0.35571229401176324,4.764259988151337,27.34808581777993,1.6349999999999998,-0.59,1.045,-0.335,0.09499999999999997,0.08756213888888889,0.042777777777777776,14,0.7433760683760683,0.1512316420916189,0.2034389436587458,1.3942857142857146,6.328125,13.929850300812584,3.825832461106587e-05,0.19293117235202284,0.40070910514565133,0.39157351092015813,0.002796019727702139,0.0008109644246803778,N
-0.26134166666666664,0.17710273991700723,0.03136538048611111,0.31569739818728665,4.848567489852029,28.773899983799346,1.875,-0.575,1.3,-0.285,0.10000000000000003,0.08593531481481483,0.049444444444444444,15,0.6329365079365079,0.2077978757544273,0.32830761561201055,1.2096666666666667,6.328125,13.646746894970097,6.198549578908036e-05,0.18417898227445967,0.432053932441529,0.36965590652890573,0.0025138232842456237,0.0007487493051695387,N
-0.28249861111111113,0.16882346137069368,0.028501361109182097,0.32910002489955675,4.392640507602297,24.79476557088036,1.595,-0.62,0.975,-0.305,0.09999999999999998,0.08667809182098765,0.04055555555555555,13,0.7701388888888889,0.018844071286050267,0.02446840635880287,1.4257692307692307,4.921875,14.980570304132625,3.51247476174362e-05,0.15521515714952253,0.3999005409916226,0.426522680338221,0.002595762711864406,0.0007912381878821567,N
-0.3279486111111111,0.1626012722830636,0.026439173748070987,0.3660457147376237,4.074581582965023,23.236980389322508,1.615,-0.725,0.89,-0.345,0.11500000000000005,0.08750916975308641,0.04638888888888889,13,0.7541666666666668,0.1517621968847716,0.20123164227815016,1.2803846153846157,5.625,14.708271587929682,3.3550280861195326e-05,0.14233241365858285,0.4276465678070408,0.41366424845407257,0.002193095304251181,0.0006770428015564202,N
-0.3064,0.16361195962805816,0.026768873333333332,0.3473468487453619,4.329068919161713,24.093502245386016,1.51,-0.645,0.865,-0.33,0.09999999999999998,0.08468155555555557,0.03972222222222222,15,0.6875,0.1777615009909848,0.2585621832596143,1.2133333333333334,4.921875,14.63720185914551,2.6690327861403977e-05,0.17470073726980848,0.3956040632609582,0.41197775167629547,0.0024373437065851626,0.0007532170650361311,N
-0.31582777777777776,0.19520202015563135,0.038103828672839506,0.371282929703062,4.23208260101167,22.170196855992977,1.79,-0.635,1.155,-0.345,0.125,0.10258315740740741,0.04555555555555556,14,0.7121794871794871,0.01792071482586476,0.025163199935507675,1.4660714285714285,5.625,13.20650364771527,8.851602868023996e-05,0.2099670046778241,0.428448966757081,0.3450032752703072,0.0029740066685190326,0.0008804891606448027,N
-0.31354305555555556,0.1769081944323955,0.03129650925733025,0.36000799566738023,3.975681846309525,21.316821734222422,1.595,-0.635,0.96,-0.335,0.13,0.09790370524691358,0.0425,14,0.6923076923076923,0.14325676185566813,0.20692643379152065,1.2982142857142855,1.40625,14.454005003928561,5.911396670737163e-05,0.16792871575130322,0.40530212580553165,0.4109963003508838,0.002502729924979161,0.0007470747637576431,N
-0.2740138888888889,0.16537356642996315,0.02734841647376543,0.32005003949035493,4.437715999416336,24.71303276527659,1.53,-0.555,0.975,-0.295,0.10999999999999999,0.08593537037037036,0.050555555555555555,13,0.7877314814814816,0.022408316097277378,0.028446642826987438,1.3557692307692308,1.40625,14.009644871245074,2.718415851699205e-05,0.20225627712206337,0.39273947037295626,0.3881365356467834,0.0023706307307585443,0.0007299610894941635,N
-0.29563055555555556,0.18316023543372018,0.033547671844135804,0.3477716164700941,3.168440392395527,14.707310037578598,1.6,-0.64,0.96,-0.33,0.14500000000000002,0.11338930709876544,0.04111111111111111,17,0.6144097222222222,0.15776340759456473,0.25677231640143905,1.0811764705882352,0.703125,14.032311867968323,6.33597213424177e-05,0.18727937857521032,0.39873969359222367,0.3977656859190189,0.002364420672409003,0.0007319830461367427,N
-0.29987777777777774,0.17517074703638147,0.03068479061728395,0.3472916241751624,4.175697060347376,22.44122826852047,1.565,-0.605,0.96,-0.33,0.11499999999999999,0.09343916049382717,0.03611111111111111,15,0.7023809523809524,0.13439908531884698,0.19134785028446008,1.3183333333333336,1.40625,14.051820510990414,3.605417106874471e-05,0.20055107368016523,0.38787184449618295,0.39573273675159626,0.002752493748263407,0.0008210394663702057,N
-0.29260416666666667,0.18407540041568413,0.03388375303819444,0.3456890964275398,4.260405190249626,22.940361039036272,1.6099999999999999,-0.585,1.025,-0.32,0.125,0.09747557870370371,0.035,15,0.6527777777777778,0.17994401931762952,0.27565892320998564,1.2846666666666668,1.40625,13.44439725505744,5.8818775592199336e-05,0.2028864336407215,0.42156151598006153,0.36041965778294366,0.002755793275909975,0.0008351584213451918,N
-0.3332375,0.17433818662579986,0.03039380331597222,0.37608647239992854,4.448922186968167,24.881481461874493,1.62,-0.64,0.98,-0.36,0.10125,0.08888208333333333,0.04777777777777778,14,0.7126068376068376,0.13179136592275173,0.18494260645231728,1.3407142857142857,1.40625,14.17224815089065,5.0335691660803506e-05,0.18411978940274232,0.4032134873724471,0.39622892193196735,0.0027347110308419,0.0008337409672040022,N
-0.29441527777777776,0.18987718556983837,0.036053345599922834,0.3503337000473818,4.105878734495746,22.032952983341147,1.7200000000000002,-0.63,1.09,-0.32,0.13,0.10211932098765433,0.03666666666666667,17,0.5598958333333333,0.19593665701671498,0.3499519827647375,1.1808823529411767,5.625,14.094540951652156,6.903118780265538e-05,0.174301517904223,0.4226754090177955,0.38560324010209585,0.0028957766046123923,0.0008867843246247915,N
-0.34578055555555554,0.20018141538703843,0.04007259906635803,0.3995457316336475,4.066466343807525,21.012661577537145,1.6749999999999998,-0.65,1.025,-0.375,0.125,0.10609926851851852,0.03777777777777778,18,0.5700980392156862,0.17660594542609404,0.3097817099477488,1.2133333333333334,5.625,13.984013275934176,9.101561226160155e-05,0.17449608270821154,0.43045080413865267,0.37532545426069935,0.0033419005279244234,0.0010483740967204003,N
-0.3461444444444444,0.1946570951477444,0.03789138469135802,0.397123861170682,3.9527739920496088,20.48702730579292,1.685,-0.675,1.01,-0.37,0.135,0.10586722222222221,0.0425,18,0.5658496732026145,0.18528561610910396,0.3274467140016506,1.1752777777777776,1.40625,13.666045119923012,5.1340216500698865e-05,0.22190873844870254,0.38186613768397426,0.3791673801031562,0.0031764587385384826,0.0009574763757643135,N
-0.32411527777777777,0.17229368270462744,0.02968511309992284,0.3670637906262192,4.232493327681824,22.972673226072185,1.565,-0.635,0.93,-0.35,0.12000000000000005,0.09257476620370371,0.04555555555555556,13,0.7680555555555556,0.03198467675817755,0.041643702108296266,1.3946153846153848,1.40625,14.297431585654522,4.588354192961347e-05,0.1856483917470459,0.39783587979311424,0.3983617602905307,0.002545068074465129,0.000771796831573096,N
-0.3236208333333333,0.17010917853404553,0.028937132621527778,0.36560576635070857,4.480617897139416,25.65379598046427,1.62,-0.645,0.975,-0.34,0.10625000000000001,0.08683680324074075,0.05388888888888889,13,0.7636574074074075,0.05137585336836601,0.06727604927291335,1.3299999999999998,6.328125,14.04925249425947,4.8703829382843976e-05,0.17982141483713884,0.41292840125162317,0.3928173152335439,0.002351917199222006,0.0007032031684269038,N
-0.2900777777777778,0.198080110212329,0.0392357300617284,0.3512560991957609,4.392154643326075,22.8311707055751,1.6400000000000001,-0.58,1.06,-0.32,0.10499999999999998,0.09707829629629629,0.051666666666666666,14,0.7476495726495725,0.017393214893135663,0.023263859874214036,1.5235714285714288,5.625,12.810856931230397,5.4716209590748514e-05,0.21214533261053448,0.4373147539845307,0.3381139877525344,0.0030484579049736035,0.000862242912729294,N
-0.3070222222222222,0.18752490813979752,0.0351655911728395,0.35976135994727265,4.498163478418982,24.948464011768134,1.8050000000000002,-0.63,1.175,-0.335,0.10999999999999999,0.09437527160493828,0.04805555555555555,16,0.6096296296296296,0.19092278260156312,0.31317831896975723,1.2253125,1.40625,13.5448465249535,6.925085847151668e-05,0.19311724440259798,0.42349390183804286,0.36893924910989645,0.002811829674909697,0.000801000555864369,N
-0.28358888888888883,0.1824221535306648,0.033277842098765435,0.33719504741321454,4.275474092558627,24.319431895193443,1.76,-0.635,1.125,-0.31,0.13,0.09826812962962962,0.0375,14,0.6895299145299145,0.1849711671473993,0.2682569142391784,1.3042857142857145,6.328125,14.01665220751371,6.17225454142198e-05,0.17869826422805807,0.421558988874568,0.384131209549264,0.002646193387051959,0.0008006114508060033,N
-0.2991152777777778,0.17513772926195528,0.03067322421103395,0.3466167532176007,4.468095216891856,25.37904397642185,1.635,-0.625,1.01,-0.32,0.11499999999999999,0.08920654320987653,0.055,14,0.7408119658119658,0.14754795691880118,0.1991705908220333,1.266785714285714,6.328125,13.905363677507218,4.395451105256429e-05,0.184679055255633,0.41638196369566516,0.38435120797854416,0.002486287857738261,0.0007302876598110062,N
-0.3043041666666667,0.1718499684297485,0.029532411649305555,0.34947594695486556,4.383941778973431,24.611862359356937,1.6099999999999999,-0.67,0.94,-0.325,0.10499999999999998,0.08763080324074073,0.0475,14,0.7393162393162395,0.1539594786796706,0.20824576884995905,1.3360714285714284,6.328125,14.730913195589576,3.235339357563575e-05,0.17443899413853028,0.38616094335901596,0.42060313029162605,0.002683648235621006,0.0008166133963312953,N
-0.32793472222222225,0.19342707473053436,0.03741403323881173,0.38072984553063055,3.9708858973341847,21.183019539642874,1.7650000000000001,-0.675,1.09,-0.35,0.12999999999999995,0.10411100077160493,0.04027777777777778,15,0.6696428571428571,0.1806058058453943,0.2697046700624555,1.3203333333333338,6.328125,13.454282537320825,6.633223528347815e-05,0.20660925533331895,0.4123099852763277,0.3661542218099025,0.0028281536537927204,0.0008328724291272929,N
-0.3297625,0.2013115826671983,0.04052635331597222,0.3863543188864624,4.2575204488514125,22.54506133632627,1.785,-0.645,1.14,-0.355,0.125,0.10389371527777778,0.049444444444444444,15,0.6587301587301588,0.17483570374960183,0.26541323701746783,1.3596666666666666,1.40625,13.090355116972487,7.260971989036364e-05,0.21893401872400636,0.4206765288917548,0.34575839499410543,0.0030184148374548486,0.0008854155086158976,N
-0.33817222222222215,0.1884316286424323,0.03550647867283951,0.3871265045893339,4.385546191750998,23.917892355535432,1.7000000000000002,-0.63,1.07,-0.365,0.12,0.09813349691358027,0.03666666666666667,13,0.775925925925926,0.028015954204457905,0.03610648035896722,1.495,1.40625,13.765565537929874,6.187431366960794e-05,0.1995228761950878,0.4108133624644704,0.3726565883906009,0.0029229021950541814,0.0008843246247915509,N
-0.33005138888888885,0.1759843076124936,0.030970476525848768,0.3740379604175669,4.352565175552631,24.939358142906553,1.71,-0.68,1.03,-0.355,0.12000000000000005,0.0940796288580247,0.034444444444444444,14,0.7079059829059828,0.1306480221461487,0.184555612328396,1.2814285714285716,6.328125,14.368759928761328,5.585967684503343e-05,0.17075212584061683,0.40988639168262614,0.4034650459991948,0.0025873714920811334,0.0007764799888827126,N
-0.3142263888888889,0.1696890297091316,0.028794366803626546,0.35711705402819643,4.433457846494875,24.973409741300276,1.575,-0.63,0.945,-0.34,0.10999999999999999,0.0880297175925926,0.042777777777777776,13,0.788425925925926,0.019603625333092706,0.024864257615666612,1.4184615384615387,6.328125,14.71277420483776,3.692617137704622e-05,0.17840504777730898,0.3913643417737918,0.40889151456067807,0.0026637816060016673,0.0008245344635908837,N
-0.35605000000000003,0.1710982750416328,0.029274619722222225,0.3950268626590124,4.4528222134338185,24.887883589672203,1.6099999999999999,-0.69,0.92,-0.38,0.09999999999999998,0.08732552777777777,0.04555555555555556,13,0.7752314814814816,0.018718537846800026,0.024145740071118575,1.4115384615384616,6.328125,14.470973195114993,3.787622028579889e-05,0.1733173782293909,0.40128425111118377,0.4086672016728076,0.002603834398444012,0.0007840466926070038,N
-0.2858027777777778,0.18372626828777266,0.03375534165895062,0.33976251918721767,4.293829935180759,23.208325521427135,1.7349999999999999,-0.64,1.095,-0.31,0.10499999999999998,0.09274712808641974,0.04666666666666667,13,0.7844907407407408,0.0230588555573756,0.02939340690701168,1.4192307692307695,6.328125,13.892385886163792,3.992180844691827e-05,0.19736530903681015,0.40556064203247943,0.38043182083351074,0.0025411850514031674,0.0007431211784324625,N
-0.3413527777777777,0.17125663975142869,0.02932883665895062,0.38190385642927926,4.336557723680879,24.88573655892026,1.615,-0.65,0.965,-0.36,0.10999999999999999,0.09058267901234568,0.035277777777777776,14,0.7183760683760684,0.15251741007814482,0.21230858987677506,1.2646428571428572,1.40625,14.236793350952672,4.7234108187593895e-05,0.18170736129230855,0.4010109489359057,0.4008030251026457,0.0025007432620172266,0.0007615967204002222,N
-0.292875,0.18293361254078547,0.03346470659722222,0.3453121373804029,4.264358974140129,23.087837908907613,1.665,-0.63,1.035,-0.32,0.11499999999999999,0.09634861111111112,0.043055555555555555,16,0.6196296296296296,0.19127971316741918,0.3087000750460441,1.214375,6.328125,13.922678956123427,5.6412601071387055e-05,0.18614203648360722,0.41918079413411713,0.3779216052060342,0.002715212559044179,0.0008163493607559756,N
-0.32538194444444446,0.1813701324688679,0.03289512495177469,0.372516489195072,4.2689277922635025,23.410299256357263,1.7600000000000002,-0.67,1.09,-0.35,0.11500000000000005,0.0946517361111111,0.044444444444444446,15,0.6648809523809526,0.18152853573048655,0.27302411819804595,1.2793333333333332,4.921875,13.916541142196422,4.4314683128269565e-05,0.1882052279325132,0.41167243367829087,0.384806140908677,0.002666275354265073,0.0007997498610339077,N
-0.2903125,0.17002146387172218,0.028907298177083332,0.3364352030233063,4.269438238779791,23.49571236688301,1.56,-0.615,0.945,-0.31,0.10999999999999999,0.08928697916666667,0.05,13,0.7847222222222222,0.02501285677637055,0.03187479093625982,1.3907692307692305,4.921875,14.555535374662467,3.4955391112021716e-05,0.17444620252831805,0.4006814600830941,0.40758801151361923,0.002520047235343151,0.0007583657587548638,N
-0.3236319444444444,0.17510702070954978,0.030662468701774696,0.36796753140279465,4.178601779132006,22.748874589330562,1.635,-0.66,0.975,-0.345,0.11500000000000005,0.09190754629629633,0.04416666666666667,15,0.6636904761904763,0.1717430106018937,0.2587697379472479,1.2476666666666667,1.40625,14.014354845972758,3.739864614431391e-05,0.18821023665724979,0.41146053424537615,0.38427955647209266,0.0025730966935259792,0.000763931350750417,N
-0.26984583333333334,0.19130809897293655,0.03659878873263888,0.33078023293419456,4.59495869217618,25.649968515157855,1.8900000000000001,-0.58,1.31,-0.3,0.10999999999999999,0.09482459722222222,0.0475,13,0.7597222222222221,0.021591155215483368,0.028419802111787986,1.4949999999999999,5.625,13.249400435541641,7.229983606300933e-05,0.19710199666986333,0.4375081879836909,0.3513794666725015,0.0028186093359266464,0.000808212896053363,N
-0.28200416666666667,0.1955133662221787,0.038225476371527775,0.3431498599575539,4.214688289360916,22.27755937742435,1.735,-0.615,1.12,-0.31,0.125,0.10294551620370371,0.034722222222222224,17,0.5920138888888888,0.16956642637989078,0.2864230545302554,1.2708823529411766,1.40625,13.08065022915216,4.748770944937675e-05,0.22812202742449564,0.40010067979201613,0.3569434009917579,0.003203313420394554,0.0009202751528627015,N
-0.2773597222222222,0.19039117565315233,0.036248799766589505,0.33641821484244544,4.539046751701609,25.408041149972274,1.77,-0.59,1.18,-0.3,0.12,0.09600275771604938,0.050555555555555555,17,0.5755208333333334,0.1903391495460743,0.33072503812530557,1.2138235294117645,1.40625,13.698972646098705,6.31972622146403e-05,0.20080797138095557,0.41576461928922415,0.3657738983660617,0.0030339191442067246,0.0009069691495275154,N
-0.3573236111111111,0.18688602289531053,0.03492638555362654,0.40324502304568016,4.455403688429937,24.522442765613864,1.7999999999999998,-0.66,1.14,-0.38,0.12,0.0949480887345679,0.050555555555555555,14,0.7615384615384616,0.0972243354705992,0.12766831930482722,1.377857142857143,1.40625,13.185905900942222,7.570944464425439e-05,0.20653226625900045,0.42467393106357104,0.354687065686313,0.002725493192553487,0.0007897304057809894,N
-0.3198347222222222,0.17954040605244936,0.0322347574054784,0.3667819610401314,4.656869986420945,26.745686014068806,1.67,-0.615,1.055,-0.34,0.11000000000000004,0.08997544521604939,0.04138888888888889,13,0.7331018518518518,0.14360716348420108,0.19588978410222566,1.3919230769230768,6.328125,13.623020865791315,5.256023445164418e-05,0.19423513912675233,0.4255454992229077,0.3641160440346047,0.0025859613781606,0.0007712826570316844,N
-0.33433611111111106,0.19186411084233806,0.03681183702932099,0.3854769412328346,4.398308899080761,23.651865319248387,1.665,-0.645,1.02,-0.36,0.12,0.09711991358024694,0.04638888888888889,13,0.7562500000000001,0.038139691394540445,0.050432649777904716,1.5084615384615385,5.625,13.331414698298875,7.506827532275925e-05,0.19323726048059015,0.4436071210276367,0.3476063215455279,0.002800395943317588,0.0008177320733740967,N
-0.3051361111111111,0.19598737438470337,0.03841105091820988,0.3626556179383165,4.388593520278545,23.417882408107495,1.6949999999999998,-0.6,1.095,-0.33,0.11499999999999999,0.09912266203703704,0.056666666666666664,14,0.7497863247863249,0.02478448269016927,0.033055394411511015,1.5364285714285715,1.40625,13.924029175524385,5.280840024253378e-05,0.19563755366270133,0.40092025720697894,0.38727445699071505,0.003334863851069741,0.000966488326848249,N
-0.31293611111111114,0.18007029129509056,0.03242530980709877,0.36104614586565587,4.4123823729146565,24.97573810391725,1.735,-0.655,1.08,-0.335,0.11499999999999999,0.09240825308641976,0.04416666666666667,14,0.7100427350427351,0.1713395441493022,0.24130877719492452,1.285,6.328125,13.38691104213647,5.682866141525384e-05,0.19976479357643281,0.4289041511638759,0.35823278779116785,0.0025219435954431783,0.0007323652028904947,N
-0.27267500000000006,0.17683674183802667,0.03127123326388889,0.3249967521205233,4.530648477028914,25.19090775986797,1.625,-0.57,1.055,-0.295,0.09999999999999998,0.0881379861111111,0.051111111111111114,14,0.7333333333333333,0.13751888413878594,0.18752575109834446,1.3524999999999998,6.328125,14.051372118556987,3.7562657082681625e-05,0.19213142014465448,0.4004556848027874,0.3913878176099101,0.002645908585718255,0.0007802529182879377,N
-0.2957833333333334,0.1714332887743801,0.029389372500000004,0.34187300679898347,4.447045018026777,25.58093768647514,1.67,-0.63,1.04,-0.315,0.11499999999999999,0.0882935648148148,0.04138888888888889,13,0.7261574074074074,0.15110812536765253,0.20809279617094642,1.340384615384615,6.328125,14.112327062949756,4.893963933423687e-05,0.18065044171048564,0.4118563294225608,0.3918493184877356,0.0024398166157265904,0.0007266536964980545,N
-0.2773111111111111,0.18260215676251196,0.03334354765432099,0.3320316249997882,4.561411758185019,25.701481136267855,1.73,-0.63,1.1,-0.3,0.10624999999999998,0.09113217283950617,0.04583333333333333,15,0.6801587301587302,0.18149893093337263,0.26684790312257817,1.3326666666666669,6.328125,14.184020401849558,4.737842218832855e-05,0.1803089982360984,0.412417781156575,0.39065668319555225,0.0028615726590719643,0.0008416064480266815,N
-0.27675555555555553,0.1983056387449048,0.03932512635802469,0.3404684477141588,4.7579524766220445,26.791282158778166,1.7950000000000002,-0.56,1.235,-0.3,0.10999999999999999,0.09522917283950617,0.050277777777777775,16,0.6535185185185185,0.19276648132839677,0.29496712926419455,1.3196875000000001,6.328125,13.574299236794278,7.146333086659071e-05,0.2024785770606354,0.4170618302471632,0.3646088040553991,0.003216601833842734,0.0009368190661478597,N
-0.2564152777777778,0.21016551953144652,0.04416954559992283,0.3315393495164304,4.636949731001417,24.78639876236867,1.81,-0.58,1.23,-0.29,0.11499999999999999,0.10069472916666666,0.04611111111111111,15,0.6851190476190476,0.17797176650373953,0.25976765223829923,1.408,6.328125,12.643546579798377,8.895216807647124e-05,0.22533633489001445,0.44117686973869913,0.31939833218320085,0.0031181647679911087,0.0008754446914952751,N
-0.24994166666666665,0.196679263544313,0.038682732708333334,0.31804648943895675,4.720440407669727,26.618225869469892,1.815,-0.545,1.27,-0.28,0.11500000000000002,0.09628426388888892,0.04722222222222222,16,0.5892592592592593,0.2078719994986891,0.35276832095943467,1.19375,6.328125,12.840410583325912,9.970592059037975e-05,0.21511295863620747,0.443536122171486,0.3270562044040918,0.002779813837176993,0.0008148902167871039,N
-0.287675,0.19426548969415827,0.03773908048611111,0.3471253175887796,4.670666838657263,25.81020096202205,1.7599999999999998,-0.58,1.18,-0.315,0.12,0.09501948611111112,0.051111111111111114,14,0.7365384615384616,0.14679160598016877,0.1992993083803858,1.435,1.40625,13.17320810462041,5.879498358631624e-05,0.2281444399850764,0.3997631607023232,0.3581943910580617,0.002905577938316199,0.0008139174541411894,N
-0.2661638888888889,0.1863967716291391,0.03474375647376543,0.3249414904597784,4.840332166909506,28.158175479846545,1.7750000000000001,-0.55,1.225,-0.295,0.11499999999999999,0.0916311311728395,0.04666666666666667,16,0.6224074074074075,0.2026939620453877,0.3256612303020212,1.1853125,6.328125,13.489505495582709,6.854949652607298e-05,0.1971189079653869,0.4217858640938038,0.3663308148552542,0.0027473603778827454,0.0008035714285714287,N
-0.32486527777777774,0.2015585865061751,0.04062586379436728,0.38231310793641377,4.684439432647078,26.008309403551,1.8649999999999998,-0.61,1.255,-0.35,0.12,0.09849955709876544,0.04555555555555556,15,0.6801587301587303,0.16469353568185144,0.24213985409467068,1.3900000000000001,1.40625,12.716691057001114,7.04245589021946e-05,0.23376733081923728,0.4152893107797666,0.3389002938170822,0.0030904556821339255,0.000839973596442468,N
-0.28244444444444444,0.18122119609355922,0.03284112191358025,0.335583053968926,4.817935333830699,28.25768205153598,1.685,-0.59,1.095,-0.31,0.11499999999999999,0.09002753086419754,0.03722222222222222,15,0.6317460317460318,0.2080201727964128,0.3292781629691961,1.226,6.328125,13.774229901046532,4.385705213438289e-05,0.20273882559301776,0.40237474955962427,0.3786079458097718,0.002725479299805502,0.0008125416898276821,N
-0.30133333333333334,0.18756621053199676,0.035181083333333335,0.3549406444901895,4.953465455438991,29.453355869452814,1.7650000000000001,-0.59,1.175,-0.32,0.10999999999999999,0.08914333333333334,0.06444444444444444,15,0.6910714285714284,0.19806765633303378,0.2866095285439249,1.3003333333333333,6.328125,13.559449300442008,6.0759141031536654e-05,0.20927325022897453,0.4071784969600496,0.3667700527755584,0.002969915254237288,0.0008820664257921067,N
-0.3019486111111111,0.20796163875223583,0.043248043192515434,0.3666347050463778,4.579710826944105,24.728778451859252,1.83,-0.61,1.22,-0.33,0.12,0.1023713024691358,0.03666666666666667,14,0.7523504273504271,0.15751153560404832,0.20935926913574165,1.4939285714285717,6.328125,12.519098109558286,7.823907255365625e-05,0.23032578015008098,0.4380485075484247,0.31876407089219105,0.003107891080855793,0.0008736103390772651,N
-0.2931138888888889,0.1863556883620045,0.03472844258487654,0.3473387315639367,4.847767820603729,28.04036669112058,1.715,-0.595,1.12,-0.315,0.10499999999999998,0.08936772222222222,0.042777777777777776,15,0.6476190476190478,0.2124068868071705,0.32798122227577786,1.256,6.328125,13.152001455340185,6.108300730985804e-05,0.2088105916288869,0.42725826708504144,0.34960656847618954,0.0027058696860238953,0.0007954210672595888,N
-0.29962500000000003,0.18071481811437354,0.03265784548611111,0.3499042527765433,4.963016265847188,29.531277025243227,1.815,-0.6,1.215,-0.325,0.10499999999999998,0.08673229166666664,0.0525,13,0.7483796296296297,0.16083732457360297,0.2149140866557268,1.413076923076923,6.328125,13.880540274556289,6.538559165277586e-05,0.18256818581156406,0.41985466323791637,0.38229861234264917,0.00271469158099472,0.0008024388549193996,N
-0.306525,0.1908262209373288,0.03641464659722222,0.3610709379363316,4.464793154244911,25.424711628494176,1.87,-0.655,1.215,-0.33,0.12,0.09668459722222222,0.03805555555555556,17,0.5946180555555556,0.2054886075990814,0.3455808408089661,1.119411764705882,6.328125,13.52803844221098,7.255193239321613e-05,0.2024235766389201,0.41761902882006086,0.36292148696250937,0.0027638927479855515,0.0008412659811006115,N
-0.35838194444444443,0.20437254913677516,0.04176813884066358,0.41256000405328247,4.509538510527469,23.904934318051975,1.7999999999999998,-0.66,1.14,-0.385,0.12,0.09987576774691358,0.04666666666666667,17,0.6149305555555555,0.21309574036142812,0.34653626891073575,1.2217647058823529,6.328125,11.84230245694048,9.25849524069873e-05,0.23961638570818733,0.4619114660265378,0.287415450980397,0.0028857043623228677,0.0007989369093941079,N
-0.31997222222222227,0.1962354716647991,0.03850836033950617,0.3753539440758993,4.469583195767291,24.776468867199736,1.9100000000000001,-0.66,1.25,-0.345,0.13,0.10092124999999998,0.05,19,0.486111111111111,0.19870983042572135,0.40877450830434114,1.0376315789473687,6.328125,13.074261752680364,8.656848427219909e-05,0.2007822979888589,0.4445823613562469,0.3406642605173901,0.002680758544040011,0.0007635214007782103,N
-0.35737777777777774,0.18676797564998948,0.03488227672839506,0.4032383324756933,4.746636614493167,27.777791790033227,1.7850000000000001,-0.675,1.11,-0.38,0.10999999999999999,0.09108474074074074,0.049166666666666664,16,0.617037037037037,0.20723752963685482,0.33585914166837216,1.1928125,6.328125,13.529996912514418,7.763833044132782e-05,0.20397429402014214,0.42184596728831636,0.35654182527805106,0.002836662961933871,0.0008706434130072262,N
-0.3056277777777778,0.20017640222107308,0.040070592006172835,0.36534768448090044,4.762700575486425,26.823019505256692,1.92,-0.635,1.285,-0.335,0.10999999999999999,0.09586702160493828,0.050277777777777775,15,0.68234126984127,0.18582840154931482,0.2723393846491848,1.4129999999999998,6.328125,12.972509071521523,6.379542869141628e-05,0.2274182764155316,0.42024358765291936,0.3375622537556483,0.003180779383161989,0.0009198652028904947,N
-0.24766944444444444,0.19868403632043577,0.039475346288580244,0.31751456659498317,4.747185999877622,27.469184306924056,1.88,-0.575,1.305,-0.28,0.12000000000000002,0.09918605401234569,0.034444444444444444,15,0.6692460317460317,0.17220450589149033,0.25731120951470837,1.352666666666667,4.921875,13.539810086733171,8.310836530248068e-05,0.1972779903710717,0.4230197624157079,0.3656074415987446,0.0030781467074187277,0.0008746456364647024,N
-0.28237500000000004,0.1972708542348706,0.038915789930555555,0.34445816952941555,4.6920686554815045,25.762864363088138,1.745,-0.59,1.155,-0.31,0.11499999999999999,0.09620159722222221,0.04555555555555556,15,0.6861111111111111,0.17463744252470506,0.25453230489430695,1.376,6.328125,13.215334043634655,7.736196842677704e-05,0.19540319486223723,0.4473089404790108,0.3420262912744581,0.0031047235343150876,0.0008940175097276265,N
-0.2900416666666667,0.1929019927824605,0.03721117881944445,0.3483322368403795,4.89531853991084,28.303359185287242,1.775,-0.585,1.19,-0.315,0.10499999999999998,0.09149074074074075,0.050555555555555555,14,0.7329059829059829,0.14090774662920866,0.19225896624626723,1.3782142857142856,6.328125,13.159350400462502,9.771493657287516e-05,0.20261154574071183,0.43618424122519406,0.3474816517691707,0.0028643442622950815,0.000810894941634241,N
-0.26942916666666666,0.20683709500843359,0.04278158387152778,0.3396669835621682,4.559634462741425,25.054357381434208,1.9049999999999998,-0.59,1.315,-0.3,0.13,0.1040482847222222,0.0325,17,0.6010416666666667,0.19168647995417473,0.3189237794731503,1.2755882352941175,6.328125,13.135340058616686,7.804822944770252e-05,0.20864909870841275,0.4316032768529102,0.3451339013426851,0.003235384829119199,0.0009145566981656475,N
-0.26814166666666667,0.21292018441321048,0.045335004930555554,0.34239590875671005,4.780875328870353,26.514371792729623,1.915,-0.605,1.31,-0.3,0.11499999999999999,0.10114105555555555,0.03944444444444444,18,0.5632352941176471,0.20222197400815387,0.3590364029387588,1.2075,6.328125,13.005563387047658,8.55967463337293e-05,0.21734654436680015,0.42216619715979875,0.34642032414449986,0.0034292511808835784,0.0009578168426903836,N
-0.28938472222222217,0.2026773312433407,0.04107810059992285,0.3533010303629973,4.802572970345785,27.230188742932555,1.9100000000000001,-0.62,1.29,-0.315,0.10499999999999998,0.09575960493827161,0.04888888888888889,18,0.561111111111111,0.227039293864753,0.4046244841154015,1.1219444444444444,6.328125,12.628382615918346,8.770966344180442e-05,0.23437087582796218,0.434226725966689,0.3169320243136061,0.0028859058071686577,0.0008413563090605891,N
-0.3472625,0.1949253752775234,0.03799590192708333,0.3982300162385218,4.7958888063909,27.25003163655933,1.7850000000000001,-0.66,1.125,-0.375,0.10625000000000001,0.0937883888888889,0.041666666666666664,18,0.5663398692810456,0.2058752203350025,0.36351885414028146,1.1430555555555557,6.328125,13.778419210327964,5.932570296662377e-05,0.19517294726956813,0.41788640918157854,0.36936212822431946,0.0030959294248402336,0.0009098804891606447,N
-0.3082791666666666,0.18866516816064205,0.03559454567708334,0.36142854103927347,4.739194900179857,27.609850096441292,1.78,-0.655,1.125,-0.33,0.10999999999999999,0.09200906712962963,0.05277777777777778,17,0.5597222222222222,0.20099098622378533,0.35909059573480256,1.1247058823529412,6.328125,13.681843976282556,7.246350665176156e-05,0.19343736842384882,0.4222099773180157,0.3674512801164999,0.0028447763267574326,0.0008644177320733741,N
-0.3014763888888889,0.19460992180445905,0.03787302166473766,0.3588328785412817,4.418749277182329,24.42236214434509,1.76,-0.625,1.135,-0.325,0.12,0.09866256327160493,0.051666666666666666,18,0.571078431372549,0.20966363684925615,0.3671363254699421,1.1444444444444444,1.40625,13.471709254250491,5.883766857504619e-05,0.21988310070257236,0.3977561829403077,0.3657208936698837,0.0030160600166712977,0.0008843941078376877,N
-0.3420986111111111,0.19725826978373043,0.03891082499807098,0.3948952832362299,4.627006576756703,26.15385907820655,1.835,-0.67,1.165,-0.37,0.125,0.0989302337962963,0.03277777777777778,17,0.5961805555555555,0.20030569567708006,0.33598159787419374,1.1523529411764708,6.328125,13.131488657357123,8.415743796929468e-05,0.21194708097475162,0.42568752743565524,0.3484369183168212,0.0028300639066407333,0.0008193440800444693,N
-0.2761694444444444,0.20035872456871567,0.04014361851080247,0.3411937580841062,4.284976953481229,23.096086439640537,1.815,-0.665,1.15,-0.3,0.125,0.10177088425925926,0.04722222222222222,19,0.5401234567901235,0.19423097237432863,0.3596047717101855,1.1010526315789475,6.328125,13.123669639594375,6.117214409506622e-05,0.20968256109520753,0.42756140938712817,0.3492418924009892,0.0028685954431786607,0.00077615341856587,N
-0.27466388888888893,0.1915927345131069,0.03670777591820987,0.3348850963805015,4.552465088430462,26.15535613350666,1.81,-0.605,1.205,-0.3,0.12,0.09762935956790124,0.041944444444444444,17,0.571875,0.21110397237564663,0.36914355825249684,1.1247058823529414,6.328125,13.489662811462718,8.076377756726176e-05,0.19674467549749045,0.4246770566395549,0.36440099884378435,0.002741004445679356,0.0007840327959977765,N
-0.27549444444444443,0.2081796565795521,0.043338769413580246,0.34530560136397054,4.530794988096295,24.75427428096364,1.93,-0.625,1.305,-0.3,0.12,0.10264015432098766,0.058611111111111114,18,0.5705882352941176,0.2007476467319558,0.35182577262301534,1.1944444444444444,6.328125,12.557144440802558,7.825276529640701e-05,0.21965709166555203,0.4413360790466624,0.3286521826187955,0.0030025145873853847,0.0007976584213451918,N
-0.32386111111111116,0.17688817132392143,0.03128942515432098,0.36901957189889595,4.700922369421887,26.629980398005827,1.67,-0.65,1.02,-0.35,0.09000000000000002,0.08516183641975307,0.04472222222222222,15,0.6797619047619047,0.2295911858561363,0.3377523574766279,1.2703333333333333,6.328125,13.760602124259751,3.8661790849020346e-05,0.19428875696946,0.41677109194041534,0.3730339764690585,0.0026315504306751876,0.0007925444691495273,S
-0.3238861111111111,0.1691024782208472,0.0285956481404321,0.3653735911517294,4.901823897228739,29.667634684995605,1.7000000000000002,-0.62,1.08,-0.345,0.10500000000000004,0.08241184722222221,0.051944444444444446,16,0.6377777777777778,0.21763506283715336,0.3412396455634809,1.1309375,6.328125,14.540897301588293,3.72265511691982e-05,0.17610668335718785,0.39748635859418086,0.408588283855318,0.0025540914142817444,0.0007857907170650359,S
-0.30035694444444444,0.16884494557498347,0.02850861564621913,0.34456190985397994,4.764606410147583,27.4363230252843,1.5899999999999999,-0.595,0.995,-0.325,0.09499999999999997,0.08237226774691359,0.04138888888888889,14,0.7335470085470084,0.2027981535789708,0.276462382391373,1.3396428571428571,6.328125,14.44142691806636,3.7559224760764895e-05,0.17275783241648066,0.41406196393718053,0.39383807799682713,0.0025464504028896912,0.0007878821567537521,S
-0.3323611111111111,0.19525832643759364,0.03812581404320988,0.385473374206601,3.4680274054002806,18.045639502768193,1.77,-0.775,0.995,-0.345,0.11500000000000005,0.10609760802469137,0.04583333333333333,16,0.614074074074074,0.21244574874334876,0.3459611107400734,1.2065625,5.625,13.6239126513789,4.9962297294379267e-05,0.203990470917423,0.41887037416502,0.35995816956548915,0.0026776257293692693,0.0008188229571984435,S
-0.2982958333333333,0.17297793688590912,0.029921366649305555,0.34482136075558506,4.490171564813159,24.674413446140807,1.625,-0.595,1.03,-0.32,0.09999999999999998,0.08484125694444446,0.06416666666666666,14,0.7322649572649573,0.17105524972539254,0.2335974813874634,1.3221428571428573,6.328125,13.324365379623664,4.460177936811902e-05,0.196430334301143,0.43666925669876444,0.3523828200532673,0.0024355307029730487,0.0007246942745969984,S
-0.3082847222222222,0.19718930072938812,0.03888362032214507,0.365955038601435,4.870887935981507,27.838083673783125,1.835,-0.605,1.23,-0.335,0.11000000000000004,0.09422256172839508,0.051111111111111114,15,0.6668650793650794,0.24045826390827954,0.36058008036231143,1.308,6.328125,12.783435804095607,8.967546925671757e-05,0.21373281567111094,0.4347359513188265,0.34049892657980624,0.002824041400388997,0.0007690661478599221,S
-0.3474375,0.19296576836427923,0.037235787760416666,0.3974274829030658,4.627584901814589,26.324103259742795,1.86,-0.685,1.175,-0.37,0.11499999999999999,0.09623552083333334,0.042777777777777776,16,0.6187037037037036,0.18266000558579748,0.29523017963582954,1.2149999999999999,6.328125,13.223782693745127,8.865882078200744e-05,0.19624171171652177,0.4412390039903434,0.34891577954618697,0.002794588774659628,0.0007915022234574763,S
-0.3026027777777777,0.19576162656845797,0.038322614436728394,0.3604040171190598,4.514349165747924,24.48261519678066,1.8,-0.605,1.195,-0.335,0.11624999999999996,0.09806304166666668,0.03888888888888889,15,0.6904761904761904,0.18197159704613047,0.26354507158405105,1.3346666666666664,6.328125,13.16150641374797,5.678170394800908e-05,0.22188918277675773,0.4149298031237279,0.34701157939133265,0.0028502292303417614,0.0008329836020011116,S
-0.3066458333333334,0.19700403509509645,0.03881058984375,0.36447531733225014,4.510549968402469,24.08037140054999,1.705,-0.585,1.12,-0.34,0.125,0.09877849537037034,0.0425,16,0.6324074074074074,0.21625713115734713,0.3419585675694508,1.255,6.328125,13.142016795263627,6.73253937997645e-05,0.2116192676937198,0.4359025569935749,0.3365692838341524,0.0029223534315087523,0.0008466995553085046,S
-0.31122083333333334,0.1891631860454383,0.03578271095486111,0.36419928343635655,4.739940924525859,27.43625557635464,1.85,-0.625,1.225,-0.34,0.10999999999999999,0.09396878703703704,0.055,14,0.6886752136752137,0.22367702627380875,0.3247931998018694,1.3446428571428568,6.328125,13.231439210487169,6.978128034898299e-05,0.21450215263909211,0.42119248708544543,0.3494728906049226,0.0027748888580161153,0.000827814063368538,S
-0.33023888888888886,0.19135855274817623,0.03661809570987655,0.38167501810368,4.53964627700167,25.530259173352583,1.7750000000000001,-0.665,1.11,-0.36,0.12,0.09833634259259261,0.04694444444444444,13,0.7979166666666667,0.09445210344761526,0.11837339335471364,1.4361538461538461,6.328125,13.249626211659134,7.224224801319824e-05,0.20155160116673423,0.4327698751541046,0.35025613488794727,0.0027081619894415115,0.0007918148971650917,S
-0.2979027777777778,0.19526738503639213,0.038129351658950615,0.3561957561042336,4.52408052566663,25.071861810696955,1.835,-0.66,1.175,-0.32,0.10999999999999999,0.09664498456790123,0.05416666666666667,16,0.6461111111111111,0.19813897521169926,0.30666393411956894,1.2934375,6.328125,13.426919164404328,6.188253808059973e-05,0.20185968623788433,0.42063549678366574,0.3629971493011778,0.0030130591831064183,0.000868107281823235,S
-0.2656263888888889,0.19457743566583768,0.03786037847029321,0.3292685179977649,4.951838099752316,29.361644972754213,1.845,-0.565,1.28,-0.29,0.10999999999999999,0.09298123225308641,0.04694444444444444,16,0.622037037037037,0.19125012888095572,0.30745778385149175,1.2696874999999999,6.328125,13.766416000813438,8.053610114398871e-05,0.20071288676359586,0.41139032600726444,0.37000286079942596,0.003208606557377049,0.0009535366870483601,S
-0.29380694444444444,0.18813009005767264,0.03539293078510802,0.34887741599147526,4.699583447208661,27.364371527040774,1.7850000000000001,-0.62,1.165,-0.325,0.10499999999999998,0.09350199074074074,0.03777777777777778,18,0.5428104575163398,0.23047395757308137,0.4245938050413179,1.098611111111111,6.328125,14.022706337381035,6.743316205729383e-05,0.18198994166516136,0.42128033737002096,0.37930118804826246,0.0028551403167546537,0.0008488743746525847,S
-0.29770555555555556,0.18960356880203794,0.035949513302469135,0.35295624532101866,4.787193623789438,27.924237390302174,1.8650000000000002,-0.63,1.235,-0.32,0.11499999999999999,0.09290315740740741,0.042777777777777776,16,0.5818518518518518,0.209457133584244,0.35998361596273637,1.2003125,6.328125,13.716344497758117,6.870671411862692e-05,0.18940290358881892,0.4281648359903394,0.36697386594507614,0.002788441233676021,0.000821949694274597,S
-0.2693361111111111,0.1953489849428706,0.03816122591820988,0.33272085397021134,4.722257900512621,27.085914364669225,1.88,-0.58,1.3,-0.295,0.12,0.09602091666666666,0.04583333333333333,14,0.6756410256410257,0.24175176281078065,0.3578109582398651,1.3889285714285717,5.625,13.331675863930057,9.520448397003566e-05,0.1883130155146788,0.44150505132598594,0.357304929151026,0.0028347943873298135,0.0007977904391328515,S
-0.29785833333333334,0.20374435080784722,0.04151176048611111,0.3608758058144412,4.839773747608047,26.6861304849205,1.84,-0.615,1.225,-0.33,0.09499999999999997,0.09403409722222221,0.041944444444444444,17,0.6074652777777778,0.24569346058075103,0.40445679706919857,1.273235294117647,5.625,12.823434728808923,7.981906483006375e-05,0.21275062830405397,0.4472626933760245,0.3263118870612635,0.003080765490414004,0.0008634936075597556,S
-0.3208930555555556,0.19124264969636298,0.0365737510628858,0.37355870243733674,5.01567341952442,29.73832595310229,1.81,-0.64,1.17,-0.345,0.10500000000000004,0.08973696064814814,0.044444444444444446,13,0.7335648148148147,0.16680340969621268,0.22738741870862697,1.4884615384615385,6.328125,13.716118890343582,7.541796476729153e-05,0.18781885937098233,0.4341671332496635,0.36025228669255605,0.0029789177549319253,0.0008974847137298499,S
-0.30554305555555555,0.18216660058430403,0.03318467036844136,0.355726340276717,5.160018612220462,31.227781370572714,1.725,-0.59,1.135,-0.33,0.09500000000000003,0.08354756404320988,0.06194444444444445,13,0.7486111111111112,0.17825637257091237,0.23811611920418718,1.4673076923076922,6.328125,14.181501507425594,6.146981882870658e-05,0.17893185654894317,0.4152551078054072,0.3865424625761878,0.002937565990552931,0.0009071914952751529,S
-0.2577,0.19950689628849091,0.03980300166666667,0.3259022731842579,4.885922474221407,28.480996048839923,1.885,-0.56,1.325,-0.285,0.11499999999999996,0.09552933333333333,0.04111111111111111,14,0.6824786324786325,0.2083415514486926,0.30527190381336294,1.4367857142857143,6.328125,13.478805422013922,8.765471885589221e-05,0.19002389984358514,0.43379046188644554,0.3626837573771576,0.003125083356487913,0.0008806211784324623,S
-0.2687402777777778,0.20063957607813002,0.040256239488811726,0.3353767678132892,4.8920118828128105,28.318195946034876,1.8900000000000001,-0.63,1.26,-0.3,0.10999999999999999,0.09485627546296295,0.04527777777777778,17,0.562326388888889,0.222562605524155,0.39578901136743827,1.223529411764706,6.328125,13.363062224955389,8.415347509474845e-05,0.19397550457249138,0.4340614010565751,0.3584767956225439,0.0031280494581828284,0.0008788702056698164,S
-0.32710277777777774,0.1997142625326259,0.03988578665895062,0.38325189352290073,4.5509635063618346,25.53255018726091,1.915,-0.715,1.2,-0.35,0.11000000000000004,0.09903814197530866,0.043055555555555555,16,0.6246296296296296,0.21663310914551387,0.34681849670494364,1.3453125,6.328125,13.508474771615996,6.649505813009916e-05,0.2070256375377351,0.41666408504583186,0.3597275065933846,0.0031863017504862455,0.0009316286826014452,S
-0.25753472222222223,0.20377417761098668,0.04152391546103394,0.32840226645245785,4.616932077263175,25.665313606573044,1.8649999999999998,-0.58,1.285,-0.29,0.10500000000000001,0.09954533179012344,0.04722222222222222,17,0.6052083333333333,0.2169466562520626,0.3584660757349055,1.2702941176470588,6.328125,13.395135068009578,6.181973432113358e-05,0.21445191592070045,0.40607736215158174,0.3637072868571431,0.0032724645734926367,0.0009495136186770428,S
-0.35115833333333335,0.2078436710540454,0.04319899159722223,0.4080577981936709,4.694287550118145,25.792856292873584,1.87,-0.675,1.195,-0.385,0.10999999999999999,0.09902105555555556,0.04861111111111111,16,0.6353703703703704,0.20595922992081409,0.3241561765002612,1.3515625,6.328125,12.937579114247066,8.664342553031617e-05,0.2120825180747475,0.44194045451448627,0.3316537160783856,0.003219949986107252,0.0009120622568093385,S
-0.2889291666666667,0.1972678994395833,0.03891462414930555,0.34984952122305385,4.9971562460335965,29.683791339151384,1.98,-0.625,1.355,-0.315,0.09999999999999998,0.09188138888888887,0.05361111111111111,17,0.5789930555555556,0.24641716757658352,0.42559606753856705,1.1870588235294115,5.625,13.531537701967324,8.148178178785848e-05,0.19113128121566464,0.43525666212370673,0.3579596075449503,0.0030202347874409554,0.0008875764313507503,S
-0.29471111111111115,0.20739391502079882,0.04301223598765432,0.3603704691008962,4.744206668953607,26.6983547488036,1.995,-0.655,1.34,-0.325,0.10999999999999999,0.09926317283950616,0.04777777777777778,16,0.6538888888888889,0.21949905555821078,0.33568249788001653,1.3709375000000001,6.328125,13.56573380792817,6.922365381141195e-05,0.1957868885413042,0.4239202863656643,0.36418460362447685,0.003443651014170603,0.000985387715397443,S
-0.3061736111111111,0.19870225946057496,0.03948258791473765,0.36499981925414093,4.899817579123331,28.504732426459995,1.9100000000000001,-0.65,1.26,-0.34,0.10499999999999998,0.09486104166666669,0.03944444444444444,14,0.6835470085470086,0.19079748894651935,0.2791285552578026,1.429642857142857,6.328125,13.57153173288607,8.282313747625814e-05,0.17990934177811851,0.4436685454565053,0.36166271790909693,0.003043407891080855,0.0008560450250138966,S
-0.3426763888888889,0.18067949523416038,0.03264507999807099,0.3873915170728445,4.624286137548338,25.950402967515803,1.71,-0.705,1.005,-0.37,0.09999999999999998,0.08754222685185185,0.03944444444444444,15,0.6751984126984126,0.21130803338024196,0.31295694629339393,1.3226666666666669,6.328125,13.686751764542654,5.414500306134826e-05,0.1793746645476573,0.43982033333419573,0.3652505587261929,0.0027527854959711025,0.0008257156753752085,S
-0.30191666666666667,0.20507557888631098,0.04205599305555555,0.36497899482938284,4.75630930481067,26.234518795748677,1.855,-0.655,1.2,-0.33,0.09500000000000003,0.09556972222222222,0.04888888888888889,22,0.4675925925925926,0.18348024683822453,0.3923933991787772,1.0288636363636363,6.328125,13.312270618172233,9.30706309469358e-05,0.19618847536403408,0.44312973306262643,0.3440822275723496,0.0033267574326201724,0.000981781545302946,S
-0.3083069444444445,0.246563185403294,0.06079340439621913,0.3947740827218637,4.905308948098046,28.59544885466263,2.315,-0.545,1.77,-0.365,0.125,0.12359451311728391,0.030555555555555555,21,0.4879166666666667,0.20957274842573415,0.4295257012995405,1.199047619047619,3.515625,10.198744515629574,0.00021260679027835545,0.33219948859886544,0.4493955110755688,0.21005824746103605,0.0032664490136148925,0.0008699485825458587,S
-0.2844097222222222,0.24174580351391728,0.058441033516589504,0.37326923742938034,4.371443840867389,24.762726569649598,2.16,-0.595,1.565,-0.32,0.16999999999999998,0.13080320216049385,0.03222222222222222,20,0.51359649122807,0.19223239404695,0.37428681334504366,1.1320000000000001,2.8125,9.783410659055313,0.00020025113395982934,0.3486935767907068,0.44706530398411987,0.19692481827450625,0.002681640733537094,0.0007269038354641467,S
-0.26829166666666665,0.23224038297873845,0.05393559548611111,0.35484646523375274,4.970177336436777,29.926481975411342,2.1500000000000004,-0.55,1.6,-0.32,0.09999999999999998,0.11596374999999999,0.035,20,0.4929824561403509,0.21242161804244675,0.43089082663414463,1.1742500000000002,2.8125,10.287655162577138,0.00022097372850086202,0.3272987101107334,0.45216481556860255,0.21158062084729232,0.0028964504028896913,0.0008193023902167871,S
-0.23732083333333334,0.31304891099807924,0.09799962067708334,0.39283686004639523,3.833201132735324,18.856061701649487,2.585,-0.725,1.86,-0.28,0.22500000000000003,0.17551085648148146,0.03027777777777778,24,0.42016908212560383,0.16893627249604506,0.4020673573633956,1.2808333333333335,3.515625,10.746810981458655,0.0005105717768786697,0.29991543164207657,0.44005940373709035,0.2575553209821766,0.004411065573770492,0.0008160088938299055,S
-0.26516527777777776,0.29712914637864224,0.08828572962770061,0.39824408867761824,3.824462753669236,19.508320990217477,2.7649999999999997,-1.025,1.74,-0.315,0.18000000000000002,0.1656138348765432,0.035,23,0.43409090909090914,0.19791842869706838,0.4559377415010999,1.4380434782608693,4.21875,11.958767948221338,0.00040509477450802157,0.2906414315934676,0.37839757692941567,0.32555939490348146,0.005437302028341205,0.0012048082267926625,S
-0.35684722222222226,0.25940739943411956,0.06729219888117284,0.44117132600486275,1.0606641210824528,2.661175385002922,1.85,-1.085,0.765,-0.38,0.29500000000000004,0.19000699845679012,0.02388888888888889,17,0.5647569444444445,0.23934009139699694,0.42379309143765825,0.7911764705882353,0.703125,5.990205536016847,0.00021574625139249133,0.5435823059112656,0.41163174360119936,0.04098913707212275,0.0009260141706029451,0.0003614091161756531,S
-0.7385430555555555,0.2073709996107278,0.04300273147955247,0.767104019275671,1.1212576908993153,3.9282323623151605,1.77,-1.36,0.41,-0.735,0.235,0.149084262345679,0.019166666666666665,24,0.42632850241545883,0.15562858354206524,0.3650438163536262,0.75,1.40625,8.156918155658984,0.00015462691183421408,0.4216119987589264,0.40863062288205204,0.16766810490207304,0.0012162823006390663,0.00030154252362423573,S
-0.7898638888888889,0.21492959655144153,0.04619473147376543,0.8185839568696937,1.0149446543956184,3.635390807859202,1.7000000000000002,-1.425,0.275,-0.785,0.24624999999999997,0.15486162037037038,0.050555555555555555,29,0.34315476190476185,0.06476062515756537,0.1887213361053076,0.8087931034482759,1.40625,9.851954315474323,0.00020593640240708803,0.32272013848832026,0.4520635263264333,0.2177364997671539,0.00205377882745207,0.0005477904391328515,S
-0.20929722222222227,0.43512098316707726,0.18933026999228394,0.48284117183834085,2.0843180248941895,5.99975032886884,3.135,-0.97,2.165,-0.295,0.4,0.3024243194444444,0.02388888888888889,19,0.5197530864197532,0.20394322805195517,0.39238483306908234,1.9242105263157896,0.703125,8.296827133642289,0.0030736797190975247,0.5245199491760195,0.2701810833759984,0.19869186230603134,0.006920241733814949,0.0020901334074485823,S
-0.11208472222222222,0.45341870493927766,0.20558852198881172,0.4670669191287737,1.6185945604005514,4.10791845210234,3.34,-0.945,2.395,-0.2025,0.48500000000000004,0.3363661952160494,0.019444444444444445,20,0.502485380116959,0.18348588092741447,0.3651566556716658,1.91675,0.703125,8.081353916363406,0.0033397195007013984,0.5436751023629556,0.2545944911649371,0.19503601295988174,0.007053466240622396,0.0020939063368538074,S
-0.15885,0.45677116778779087,0.20863989972222222,0.48360440674400623,1.9577784337911386,5.5534057550543885,3.335,-0.995,2.34,-0.245,0.375,0.3111926944444445,0.02638888888888889,18,0.538235294117647,0.214272699970347,0.3981022840979125,2.0780555555555558,0.703125,7.725205507836992,0.003988188313997844,0.560794484607039,0.25143311248824646,0.1820692667408908,0.0072029244234509595,0.0020562395775430794,S
-0.19180277777777777,0.41293641895986244,0.17051648610339504,0.4553073595568895,2.315592931374208,6.862779488855095,2.935,-0.85,2.085,-0.325,0.285,0.2832197808641975,0.017222222222222222,20,0.5051169590643274,0.17939293513674814,0.35515128113903255,1.9525000000000001,0.703125,8.476945582232487,0.0034617646329966416,0.5208090375552381,0.2664459498228745,0.206017599593225,0.00722795220894693,0.0021018204558087825,S
-0.07516805555555556,0.3888820955731059,0.15122928425733026,0.3960801949521502,2.5739903071852366,7.941969734123823,2.765,-0.62,2.145,-0.225,0.25,0.26417697762345677,0.016666666666666666,21,0.4733333333333333,0.16795428537345702,0.354832997267867,1.8740476190476192,0.703125,8.178847263424336,0.002977700173751158,0.541177044031842,0.25649256947447485,0.19566538856792476,0.007101910252848013,0.002036339633129516,S
-0.12583333333333332,0.40296668941461866,0.16238215277777776,0.4221565829826127,2.7212365790901476,9.07492000253928,2.9,-0.715,2.185,-0.285,0.24000000000000002,0.2692222222222222,0.01611111111111111,20,0.5175438596491228,0.19895979622270013,0.38443079270148844,1.9235000000000002,0.703125,7.719218391259899,0.003557787676368454,0.5561871237017769,0.2576355731362814,0.18083572701219083,0.00731939427618783,0.002101049193996665,S
-0.1998722222222222,0.1904988999838627,0.03628983089506173,0.27611362898471914,0.5758123960267557,1.5592984921663646,1.625,-0.845,0.78,-0.21,0.25,0.14743594135802468,0.03361111111111111,27,0.3644230769230769,0.14987138208263995,0.4112565629708326,0.6066666666666666,0.703125,10.421389587839283,3.4365987106724736e-05,0.4704517159537132,0.28778639661090066,0.21259021644580367,0.001397270075020839,0.0007535714285714285,S
-0.16728333333333334,0.12508550519988762,0.015646383611111113,0.20887818752139303,0.056016619914436384,3.2432026135158445,1.2999999999999998,-0.72,0.58,-0.17,0.13499999999999998,0.09009471296296295,0.06694444444444445,29,0.33055555555555555,0.1256947184948341,0.3802529299003385,0.45517241379310347,0.703125,11.362567800434396,1.4306453943897063e-05,0.4966612798180515,0.2046651138993543,0.25817527803855905,0.0009282856348985831,0.000602153974430239,S
-0.23547083333333332,0.18330028257956943,0.03359899359375,0.29840493786873645,-0.2218771641453279,-0.2473421368319495,1.225,-0.905,0.32,-0.21,0.27,0.1495067800925926,0.02388888888888889,26,0.38322222222222224,0.1426003653485182,0.3721088107093835,0.5088461538461538,0.703125,6.040432358011138,0.00014507122721625157,0.7587397799009235,0.09247674416507203,0.13087428537990048,0.0008205890525145876,0.0005455600333518621,S
-0.9501236111111112,0.4313941449897116,0.18610090833140433,1.0434729439339683,-0.4309978181282478,4.3943191643915105,3.1849999999999996,-2.425,0.76,-0.905,0.24,0.2549439143518519,0.025833333333333333,31,0.324537037037037,0.15132998061041994,0.466294947387314,1.3033870967741934,6.328125,7.717992249229852,0.004471508043202266,0.32415615016660815,0.6100319718838775,0.06343277014431113,0.005486392053348153,0.0010474708171206225,S
-0.793125,0.40937670907192014,0.16758928993055555,0.8925449879729064,-0.4686214283003775,4.1740784598040666,3.125,-2.34,0.785,-0.745,0.27,0.2517447916666667,0.03388888888888889,33,0.30052083333333335,0.10391041977384732,0.3457677746374122,1.2065151515151515,6.328125,7.832423268830098,0.0027350704831314724,0.33015153212603104,0.6000510140242182,0.06587974714328153,0.005140434843011948,0.0011146261812117841,S
-0.7544722222222222,0.3953137632952049,0.15627297145061728,0.8517636441851434,-0.4654323368290142,4.486203178702222,3.06,-2.205,0.855,-0.705,0.235,0.23901984567901233,0.030555555555555555,31,0.3291666666666666,0.14423908122086862,0.4381946771266896,1.1646774193548388,6.328125,7.639863810141566,0.003643379846540543,0.332915538117121,0.6020846239291863,0.061658651948409596,0.0044703250903028605,0.0009749722067815453,S
-0.7846027777777776,0.39487084103969367,0.15592298110339503,0.8783646736976618,-0.38768294428959565,4.470408315864895,3.075,-2.165,0.91,-0.745,0.245,0.2385705555555555,0.03944444444444444,31,0.31740740740740736,0.10191058912391288,0.32107186771827867,1.1624193548387094,5.625,7.4615516034174085,0.0025888714633742656,0.3417013386694372,0.5999543606862511,0.05499466003521287,0.004392372881355933,0.0009166481378543636,S
-0.8898138888888889,0.44619311816296275,0.19908829869598765,0.9954180305557839,-0.4798597415683191,4.089519088576106,3.4800000000000004,-2.47,1.01,-0.84,0.265,0.269246125,0.036944444444444446,36,0.2783333333333333,0.07107389899369378,0.2553553257258459,1.2170833333333333,6.328125,7.882157771186875,0.004304403871431622,0.32486175859927263,0.6024212183228984,0.06802403881099098,0.006138469019171992,0.0013322331851028347,S
-0.8234055555555556,0.4197254552048441,0.17616945774691362,0.9242111050331882,-0.33306993583501654,4.100651312392648,3.2350000000000003,-2.35,0.885,-0.79,0.265,0.25712512654320985,0.04138888888888889,29,0.33888888888888896,0.1407279042461363,0.4152626682672873,1.3355172413793104,6.328125,7.918278179102982,0.0031458923800081837,0.31890410448073836,0.6070835854685936,0.07068854888198772,0.005199604056682411,0.001084234296831573,S
-0.9390013888888888,0.3535123504808784,0.12497098194251544,1.0033417116206111,-0.2995670124326937,5.348762192918516,2.9400000000000004,-2.305,0.635,-0.905,0.21499999999999986,0.20883665277777774,0.036944444444444446,28,0.3511316872427983,0.17787622540870623,0.5065798156966378,1.1850000000000003,6.328125,8.056033679391172,0.0020273204022673978,0.29708347102440624,0.6292935688110136,0.07090321917345795,0.003797485412614615,0.0007979155086158979,S
-0.9711527777777778,0.39473302017250367,0.15581415721450617,1.0483090550977798,0.07855863927362834,5.230808339477781,3.2150000000000003,-2.365,0.85,-0.935,0.235,0.2347119907407407,0.04388888888888889,33,0.3003472222222222,0.08615240385395416,0.28684268566403237,1.243939393939394,6.328125,8.133425078792992,0.002022085746786164,0.30906882082957016,0.6132313658955212,0.07282106355967179,0.005108453737149209,0.0011099708171206225,S
-0.8413069444444444,0.4044037022533537,0.16354235439621914,0.9334557992570761,-0.22524698595720286,3.2162524655855886,3.255,-2.315,0.94,-0.8,0.3899999999999999,0.27783783179012345,0.03277777777777778,27,0.3770299145299145,0.15388981010459654,0.4081633954601937,1.3277777777777777,5.625,8.8929812196209,0.0032286853598826543,0.24904258146598435,0.6478600954573962,0.09701526715275259,0.005174208113364823,0.0012738743746525847,S
-0.9051055555555556,0.3614968149117749,0.130679947191358,0.9746260892716185,-0.1569411795845581,4.783778084224123,2.88,-2.175,0.705,-0.88,0.24,0.2191585185185185,0.04888888888888889,24,0.43260869565217397,0.1884376134413995,0.4355844330806219,1.5454166666666669,5.625,9.30274233993899,0.0016950593853173694,0.1926254875177498,0.7003294928708388,0.10152238335416644,0.005117261739372048,0.0011530711506392442,S
-0.9385833333333332,0.3635928832117348,0.1321997847222222,1.006547792374179,-0.452852245720824,3.976454253600692,2.94,-2.31,0.63,-0.895,0.2799999999999999,0.23545027777777777,0.03972222222222222,24,0.4217391304347825,0.1814270165333038,0.4301877711614421,1.5614583333333334,5.625,9.456832293958076,0.0015263846256925657,0.2110508954992935,0.6724493999983062,0.1102437701088413,0.004998728813559322,0.0012213938299055031,S
-0.538375,0.9311884720539184,0.8671119704861111,1.075620570234277,0.792039551062204,0.3945019609730154,5.125,-2.73,2.395,-0.795,1.195,0.7485399305555556,0.01,26,0.36611111111111116,0.1662698980944707,0.4541514667223782,1.2490384615384615,0.703125,4.4535396694106,0.011218236248159314,0.6595178413024658,0.291687248994479,0.04471829410970648,0.0044873298138371764,0.001207552807115064,S
-0.646113888888889,0.42336692232413464,0.17923955091820987,0.7724653444222164,-0.29649583724139794,3.896123014784549,3.5650000000000004,-2.285,1.28,-0.63,0.33125,0.27317733950617284,0.03222222222222222,25,0.4033564814814814,0.17267521660980023,0.4280958024415134,1.6122,5.625,8.561343785955609,0.0017070272474172961,0.23920850434416632,0.6709154256120092,0.08580051586389541,0.005539358155043067,0.0011272026125625344,S
-0.4756944444444444,0.38960161771313445,0.15178942052469135,0.6148777317483534,-0.09052649660831572,4.274428113187584,3.21,-1.885,1.325,-0.445,0.35,0.26014760802469133,0.02666666666666667,27,0.37307692307692314,0.18172332624683454,0.4870934517956389,1.3938888888888885,6.328125,9.182022470000344,0.0020004655587509248,0.21725394398983552,0.6791891925086381,0.09968832126053544,0.004828341205890525,0.0009979502501389658,S
-0.8365458333333333,0.3678844445827687,0.13533896456597222,0.9138642655412965,-0.07026710532563432,5.698799216118465,3.065,-2.12,0.945,-0.805,0.22000000000000008,0.21530791435185184,0.0375,25,0.3989583333333333,0.19080390309615888,0.4782552140269257,1.4582000000000002,6.328125,9.059724356300665,0.0020982067571526696,0.22254515159815644,0.676379634910148,0.0963288938960521,0.004949916643512087,0.0010540856031128404,S
-0.7302819444444445,0.36292444072285474,0.13171414967399692,0.8154911820832618,0.020875090888831403,5.487251022708975,2.875,-1.92,0.955,-0.705,0.21999999999999997,0.2134413726851852,0.03861111111111111,25,0.4075231481481481,0.18523751430787877,0.45454476671970256,1.5348,6.328125,9.154489573315644,0.001311644367572939,0.22878588336213743,0.6626075417305674,0.10424549775021223,0.005022839677688246,0.001044476097832129,S
-1.1029541666666667,0.35494189956381905,0.1259837520659722,1.1586594175310245,-0.6229179303670043,4.913404371889453,3.0199999999999996,-2.55,0.47,-1.06,0.22000000000000008,0.21547075000000002,0.03861111111111111,30,0.33275862068965517,0.09351406543053589,0.28102672512803534,1.2010000000000003,6.328125,8.644404207557281,0.0016582221005748416,0.27723425219032855,0.6277086676519427,0.08894663800569728,0.004584245623784384,0.0010894872151195108,S
-1.0105125,0.325610720816156,0.10602234151041667,1.0616769066748446,-0.45199529175494546,5.563676354782453,2.705,-2.25,0.455,-0.98,0.15000000000000002,0.18260052777777774,0.058611111111111114,32,0.3187275985663082,0.14279972033029872,0.4480306097515136,1.0851562499999998,6.328125,9.119039496454374,0.0010692269839900743,0.25158064928158025,0.6414130088582815,0.09929603155560612,0.004363892747985551,0.0011207754307948862,S
-0.9229291666666667,0.3181125922869571,0.1011956213715278,0.97621404827812,-0.13107767015741228,7.122288454687773,2.88,-2.13,0.75,-0.89,0.17000000000000004,0.18018564814814814,0.049166666666666664,28,0.3306584362139918,0.14912387305916025,0.45099068019136196,1.1410714285714287,5.625,8.831240824522382,0.0011303565971846547,0.25826765007469216,0.6439766284262509,0.09203758864702297,0.0040027368713531535,0.0009716648137854362,S
-0.7169347222222221,0.2903950851185914,0.08432930546103395,0.7735145127202779,0.023255216645125792,6.194099949382204,2.48,-1.76,0.72,-0.7,0.17000000000000004,0.1693502222222222,0.05611111111111111,33,0.30407986111111107,0.08576314207670797,0.28204150634418385,0.9092424242424243,5.625,8.964674278861636,0.0007162310805079238,0.24825336407451765,0.6542919192947756,0.09167340974529598,0.0032420811336482357,0.0008452334630350198,S
-0.7122625,0.4016279362162268,0.16130499914930554,0.8176936272562944,-0.5407961339247545,3.6467156203190454,3.035,-2.17,0.865,-0.685,0.2862499999999999,0.25386024305555555,0.05305555555555556,31,0.32648148148148143,0.12241511154104988,0.3749526955880144,1.2288709677419352,6.328125,8.425085213438917,0.0021097655239601023,0.2955520703358193,0.6170412863455671,0.08099938858099996,0.005371436510141706,0.0013388549193996664,S
-0.5862444444444445,0.4819759027196994,0.23230077080246914,0.7589356490799761,-0.4474047596671756,2.487183846128957,3.64,-2.47,1.17,-0.52,0.44500000000000006,0.3374624938271605,0.035277777777777776,31,0.32092592592592595,0.12527486925533396,0.39035446853941336,1.4687096774193549,1.40625,8.375777167747197,0.0024907568454964088,0.32034585634680335,0.5866775688925339,0.0847911643708213,0.0072534384551264245,0.001777091439688716,S
-0.7522555555555556,0.5780604627374605,0.3341538985802469,0.94870560209395,0.3291743907899899,1.3533543553531677,4.075,-2.545,1.53,-0.8,0.5599999999999999,0.4174917592592593,0.04694444444444444,37,0.2750000000000001,0.07522827628499852,0.27355736830908545,1.2800000000000002,5.625,8.587160058630852,0.005067354224503621,0.2803500600724779,0.6261939941102277,0.08623256066825181,0.008267553487079745,0.0021366175653140633,S
-0.5980097222222223,0.4046556027660099,0.1637461568499228,0.7220538655268194,-0.16926164623542764,3.1348162911322266,3.2,-1.875,1.325,-0.59,0.27125,0.257886799382716,0.03666666666666667,27,0.3770299145299146,0.10375075856513868,0.2751791159449413,1.3118518518518518,6.328125,8.231361312158498,0.003156569652738924,0.2599110174556894,0.6683650682138293,0.06732738241173361,0.004465552931369824,0.0009870622568093385,S
-0.8273444444444444,0.39973547256240766,0.15978844802469136,0.9188510639803263,-0.33294919028574327,4.188396403172871,3.185,-2.275,0.91,-0.765,0.2699999999999999,0.24874017901234569,0.024166666666666666,32,0.3089605734767024,0.08556658006700094,0.27694983571569914,1.099375,6.328125,7.88683755920288,0.0031260404616582018,0.29925214093498226,0.6300481754317803,0.06741086412227405,0.004611975548763545,0.000957017787659811,S
-0.8939888888888889,0.3786641430210636,0.14338653320987652,0.9708772665309795,-0.33282935975337397,4.4909655991852935,3.04,-2.36,0.68,-0.855,0.20499999999999996,0.22295202469135803,0.03194444444444444,26,0.3718888888888888,0.17521471836253996,0.4711480326450134,1.3128846153846152,6.328125,8.210848355440794,0.0027038895974113237,0.2855384778534795,0.6380684856519069,0.07280003931752685,0.004668255070853014,0.0010097693162868261,S
-0.8264499999999999,0.3663611534022435,0.1342204947222222,0.9040133280113862,-0.4035568721311826,4.273264473715923,2.6550000000000002,-2.0,0.655,-0.775,0.18000000000000005,0.21641777777777774,0.025555555555555557,25,0.4039351851851851,0.20802742458456455,0.5150019909486069,1.2828,6.328125,7.718942658951814,0.0022331609378691522,0.3425910376230226,0.5847063895173311,0.06966308624517999,0.004143602389552653,0.0009260144524735965,S
-0.8415527777777778,0.42779456062857446,0.18300818610339506,0.9440441006059457,-0.28354239974726875,3.5820135965767053,3.105,-2.25,0.855,-0.79,0.23624999999999996,0.25972361574074077,0.0275,28,0.3619341563786008,0.18032006614480436,0.49821234875710585,1.4674999999999998,6.328125,7.790031861816865,0.0033955706919220623,0.3239048987961919,0.6079823230196084,0.06483478973395218,0.005584398444012225,0.0011057254030016675,S
-0.9537083333333333,0.44941234584423934,0.2019714565972222,1.054291725124819,-0.48675884630347727,3.7459392501558053,3.105,-2.39,0.715,-0.91,0.26,0.27166122685185184,0.0225,34,0.2956228956228956,0.1244648670693894,0.4210258031846088,1.250735294117647,6.328125,7.76765443296539,0.005015318507513702,0.32009467569894623,0.6117407530953918,0.06521055839342281,0.005880286190608503,0.0011398415786548085,S
-0.8490944444444444,0.4076339070677978,0.166165402191358,0.941874077452914,-0.6299165516594804,4.466497817539237,2.975,-2.205,0.77,-0.79,0.20000000000000007,0.2379579259259259,0.02722222222222222,31,0.3112962962962963,0.136360190337636,0.4380398737794375,1.1732258064516128,6.328125,7.835737350798984,0.003625285993397732,0.318076456268785,0.6113491389815183,0.06749524549040418,0.005028257849402611,0.0010268204558087825,S
-0.8620430555555556,0.41240640295923475,0.1700790412017747,0.9556135572674413,-0.5648012608693324,4.21417769913279,3.105,-2.33,0.775,-0.815,0.255,0.2501481419753087,0.04083333333333333,35,0.29248366013071897,0.09117895960244964,0.3117403535011127,1.0045714285714287,6.328125,7.615605047885163,0.003574667589044428,0.34148131549824,0.5926281928619541,0.061886895844104554,0.004848270352875798,0.0011069483046136743,S
-0.8899805555555557,0.3825818897957552,0.14636890239969136,0.9687281825500209,-0.26849623092870273,3.8515891898588377,2.97,-2.165,0.805,-0.845,0.23124999999999996,0.23329614351851852,0.042777777777777776,34,0.2911616161616161,0.11887334015479614,0.40827270339374916,1.0691176470588233,6.328125,7.93930402489544,0.002677492854168472,0.31540026236808744,0.6127352551774043,0.06689569610365458,0.004688469019171993,0.0011007156753752086,S
-0.881725,0.36045516663349103,0.1299279271527778,0.9525580836766742,-0.3988931496886134,4.3609680729891505,2.7750000000000004,-2.1,0.675,-0.835,0.19999999999999996,0.2154005,0.04527777777777778,30,0.32969348659003833,0.1343731474141917,0.4075699183626268,1.1051666666666666,6.328125,8.178044077296494,0.0028276553951956168,0.2912710264142537,0.6314188509013962,0.07215145127182288,0.004290198666296194,0.0010400917176209004,S
-0.9712402777777778,0.4373956977763455,0.19131499643325617,1.06518668486379,-0.4087648747095051,3.768313088039271,3.195,-2.465,0.73,-0.93,0.2749999999999999,0.26710220061728396,0.051666666666666666,31,0.3178703703703703,0.12082467685751494,0.3801067608683838,1.2908064516129032,6.328125,7.856517806614059,0.003854504932610352,0.338742119114026,0.5866454635303333,0.0690765378739803,0.005982390941928314,0.0013322262367982214,S
-0.869213888888889,0.4460921445999307,0.19899820147376546,0.977001016432998,-0.5440687669739468,3.7559167407961036,3.215,-2.39,0.825,-0.83,0.265,0.2690386188271605,0.042777777777777776,32,0.3092293906810036,0.11955876644728212,0.3866345504351401,1.28390625,6.328125,7.638570289761613,0.00424660317087941,0.3364545608530662,0.5967036453764273,0.06272365230728948,0.005840705751597665,0.0012091161756531406,S
-0.8549875,0.41427573159454373,0.17162438178819445,0.9500673696872473,-0.5898825596385809,4.311793614992604,3.16,-2.25,0.91,-0.795,0.20500000000000007,0.24331428472222225,0.02666666666666667,32,0.3083333333333334,0.10053619687316817,0.3260633412102751,1.14328125,6.328125,7.708387831216229,0.004211166058547936,0.32768103313536473,0.6033413433173564,0.06557284112968224,0.005033578771881078,0.001054224569205114,S
-0.848351388888889,0.401235622966057,0.16099002513695987,0.9384509066363923,-0.06803658933519954,3.8135437626087736,3.005,-2.105,0.9,-0.79,0.235,0.24597156327160494,0.021111111111111112,32,0.30887096774193545,0.1488312681975427,0.48185580304165265,1.185,6.328125,7.641422263305585,0.002814327728377547,0.3345209429561632,0.6003207778958123,0.062016130377810126,0.004796283689913864,0.0009607351306281269,S
-0.9747888888888888,0.38839080030998685,0.1508474137654321,1.0493144388917302,0.004092889136341487,3.262453640532671,3.295,-2.3,0.995,-0.945,0.32999999999999996,0.26218428395061727,0.041944444444444444,31,0.3061111111111111,0.1312283687838211,0.4286952156277277,1.119032258064516,1.40625,8.009989714154301,0.0026021268696424047,0.3435232850137894,0.5755443111187296,0.07457602756689177,0.004653980272297862,0.0012213243468593667,S
-1.0060097222222222,0.40078075007128355,0.16062520962770063,1.0829038603834291,-0.2019393617547433,4.005266937443025,3.15,-2.445,0.705,-0.96,0.28500000000000003,0.25401262037037037,0.029722222222222223,32,0.31272401433691754,0.12181991092471008,0.3895444716102477,1.1639062500000001,6.328125,7.724162490619348,0.0023142082548283796,0.3361788555374217,0.5925910771842874,0.06622035043396043,0.004898457904973603,0.0011074068927181767,S
-0.8596125,0.41618256358554817,0.17320792623263886,0.9550610328083169,-0.2280859435653238,2.7687870696501937,3.175,-2.375,0.8,-0.82,0.395,0.28893036111111114,0.035277777777777776,31,0.3263888888888889,0.13292907465595663,0.40727205852037773,1.200483870967742,6.328125,8.029926821202388,0.002326847370123359,0.33905092067862036,0.578619014633667,0.07704606385960416,0.005074437343706586,0.0012605405780989438,S
-0.9031597222222222,0.4386322438240776,0.19239824532214508,1.00403970497519,-0.39358001864867254,4.004043734883131,3.25,-2.405,0.845,-0.845,0.28500000000000003,0.27071606867283954,0.03194444444444444,31,0.3176851851851851,0.13723174980669328,0.43197403028629777,1.3024193548387093,6.328125,7.567840485483831,0.003572299262556549,0.3531718234398577,0.5816845660381771,0.06172160941844259,0.005563844123367602,0.0010917732073374093,S
-0.9098680555555556,0.3988966944817184,0.15911857286844136,0.9934678914735438,-0.36115609397312226,4.119266665433181,3.15,-2.375,0.775,-0.875,0.27,0.2485337229938272,0.0325,31,0.32333333333333336,0.1329964880875484,0.41132934460066517,1.1948387096774196,6.328125,7.9429954831112095,0.002883786799764445,0.3123640083954721,0.6169098093831564,0.06750364242893928,0.004594151153098083,0.0009690453029460812,S
-0.7669944444444445,0.42761035933847563,0.18285061941358025,0.8781407046836072,-0.24850502808721084,3.7361189332502,3.23,-2.25,0.98,-0.725,0.275,0.2645094228395062,0.02388888888888889,30,0.3401340996168582,0.1506488488975871,0.44291016121960275,1.2625000000000002,5.625,7.554479987442051,0.0033218798989329812,0.3403968040150154,0.5943523165530119,0.06245063606499908,0.005342247846624062,0.0010678362979433017,S
-0.87935,0.4183277818356744,0.17499813305555556,0.973783628716131,-0.6484432002533396,4.607825597930833,3.125,-2.355,0.77,-0.815,0.235,0.2508214166666667,0.02861111111111111,30,0.335919540229885,0.15741893491527945,0.4686209525279491,1.2198333333333333,5.625,7.608946565409224,0.004160692526806819,0.33374999523579496,0.5983931587505552,0.06512160979128746,0.004998381494859682,0.0009992773763201777,S
-0.9332374999999999,0.3811693783380807,0.1452900949826389,1.0080785318559704,-0.6656131443668862,4.470454077693776,2.835,-2.22,0.615,-0.875,0.18999999999999995,0.22714681944444445,0.02388888888888889,24,0.42089371980676327,0.22377307508709676,0.5316617106803906,1.2952083333333333,5.625,7.520592886392311,0.0026750504783134084,0.3495607457351089,0.5812962847394877,0.06600484832275101,0.004279292859127534,0.000930183435241801,S
-0.8580916666666667,0.4264970495371438,0.1818997332638889,0.958238509801535,-0.36971752874085745,3.978465708653407,3.075,-2.245,0.83,-0.7975000000000001,0.24,0.2595802962962963,0.019444444444444445,21,0.47444444444444445,0.252435054598452,0.5320645178890089,1.7069047619047621,5.625,7.408789963843894,0.0035680301553840644,0.35094533163595865,0.5851851969413225,0.06143116459169657,0.005119234509585996,0.0010109505280711507,S
-0.9346638888888888,0.42553533059532966,0.18108031758487653,1.0269746358979746,-0.3244816599481663,4.135092667920118,3.165,-2.39,0.775,-0.89,0.25124999999999986,0.2585416712962963,0.024444444444444446,26,0.37422222222222223,0.19559109525540747,0.5226602901718133,1.4301923076923078,5.625,7.766250255257451,0.003969507363689644,0.32246523683748163,0.6072649819242256,0.06708477522640202,0.0053056057238121705,0.0010573652028904946,S
-0.7632222222222222,0.4163445662423207,0.17334279783950618,0.8693968934458722,-0.4838311835460117,4.2502059907316925,3.085,-2.175,0.91,-0.715,0.235,0.24907259259259262,0.03027777777777778,27,0.37350427350427345,0.1941484786139694,0.5198025628795062,1.364074074074074,5.625,7.626999946713061,0.003709286017614876,0.33362483698924,0.5984063610764446,0.0651346252402445,0.005053577382606279,0.0010127223457476375,S
-0.8932527777777778,0.39134222731667084,0.15314873888117286,0.9752175469549802,-0.5420676206218437,4.411312244068536,2.88,-2.185,0.695,-0.84,0.16999999999999993,0.22794801388888888,0.020277777777777777,22,0.45542328042328056,0.22887122400382867,0.5025461671417206,1.5338636363636367,5.625,7.522689364867284,0.0024763942903646466,0.3437191645587668,0.5883682166802013,0.06488320535837654,0.0046823423173103645,0.0009832893274041134,S
-0.8300180555555555,0.43259524443448316,0.18713864550733025,0.9359853727786325,-0.3953445108693505,4.2067011923354025,3.105,-2.225,0.88,-0.765,0.255,0.26045629398148146,0.021666666666666667,26,0.38833333333333336,0.19993363096318603,0.5148505518365305,1.4284615384615384,5.625,7.669182905158894,0.004109146400753513,0.3270780196664386,0.6060555964298362,0.06396489136723585,0.005419338705195887,0.0010528557531962201,S
-0.8211152777777777,0.3840753315720043,0.14751386032214503,0.9065010533486556,-0.31292629519262094,3.8593528813613727,3.0250000000000004,-2.22,0.805,-0.79,0.29999999999999993,0.2489081890432099,0.024722222222222222,28,0.3586419753086419,0.18050146915979995,0.5032915319085646,1.1523214285714283,1.40625,7.381064982892055,0.0023713666645097183,0.36280123867430253,0.572638471026117,0.06164168327683205,0.003923819116421228,0.0008597484713729849,S
-0.8184569444444444,0.4457907466658385,0.1987293898128858,0.9319877465515426,0.15356516535278883,2.5554678516323053,3.4349999999999996,-2.405,1.03,-0.79,0.44000000000000006,0.3132955015432099,0.05583333333333333,32,0.3148745519713262,0.12736326013965496,0.40448889674403793,1.3181249999999998,1.40625,8.756902765100769,0.002980746762443507,0.3181836189783958,0.5707522988123245,0.09868920411144429,0.007244067796610168,0.002050535019455253,S
-0.8640722222222221,0.41211451726371656,0.16983837533950616,0.9573187455364883,-0.41449056096401854,4.092796832010517,3.14,-2.205,0.935,-0.83,0.22499999999999998,0.2399866944444444,0.06722222222222222,31,0.3232407407407407,0.11694077880533998,0.36177611317607333,1.4527419354838707,5.625,9.471301923322352,0.0028592470549893318,0.2166195893392493,0.6572374609026812,0.11750618077875105,0.007336260072242289,0.00174633129516398,S
-0.8680305555555555,0.43684725484585346,0.19083552406635804,0.9717574643111544,-0.2952156916571849,4.289473320354038,3.35,-2.355,0.995,-0.825,0.25625,0.2612040030864198,0.052222222222222225,30,0.3422413793103447,0.1391231344765716,0.40650588411290456,1.437166666666667,5.625,8.79455347983878,0.002486033010956,0.2380079027875372,0.6559949187485861,0.10123972339393353,0.00687142261739372,0.0014024596998332404,S
-0.27292083333333333,0.26964035328846414,0.07270592012152777,0.38365570683737904,0.37861506072787804,24.966466229201224,3.9349999999999996,-2.715,1.22,-0.31,0.10499999999999998,0.1204954074074074,0.05333333333333334,18,0.5655228758169933,0.20223887299368132,0.3576139562904738,1.1302777777777777,1.40625,8.0309070640873,0.00048105761685453133,0.5258473924917028,0.2914530399806169,0.17551481982077097,0.003112593776048902,0.0008139869371873263,V
-0.2509541666666667,0.30101644816516626,0.09061090206597222,0.39190419216095834,3.0852883347165734,11.317881611296135,2.48,-0.71,1.77,-0.295,0.165,0.16748396990740738,0.034722222222222224,25,0.3962962962962963,0.1507603897922644,0.38042341349449893,1.0002,2.8125,6.451217599376783,0.0014937907255182091,0.4796418956527976,0.4772761728507912,0.041712494633788254,0.001728167546540706,0.0003739716509171763,V
-0.23819166666666666,0.31554108191327473,0.09956617437499997,0.3953497748126897,2.9328020335441947,10.168746293301538,2.5700000000000003,-0.79,1.78,-0.295,0.19,0.18005851388888888,0.02861111111111111,26,0.38833333333333336,0.12383032995709876,0.3188763861556191,1.0359615384615384,2.8125,6.325863246380545,0.0010100447835323934,0.4791510707669901,0.4786292903241209,0.04064493922233457,0.001879522089469297,0.00038824346859366314,V
-0.15565416666666668,0.3169517727236099,0.10045842623263888,0.3531099628066778,2.9900340149855213,10.62140345317022,2.5700000000000003,-0.605,1.965,-0.2,0.18,0.17882027546296295,0.03888888888888889,27,0.36858974358974356,0.15126047096066736,0.4103762342585063,1.008148148148148,4.21875,6.222231205836262,0.0009601771650937615,0.4951948162174626,0.4638086854893071,0.039376313700131824,0.0018864476243400945,0.00037504863813229576,V
-0.1973013888888889,0.31139600903434106,0.09696747444251543,0.3686398140461771,2.806313528051737,9.54899008365799,2.54,-0.745,1.795,-0.25,0.19500000000000003,0.18439162577160492,0.026111111111111113,27,0.38066239316239314,0.09651292165463939,0.253539418099193,0.9898148148148147,4.21875,6.1474272365063936,0.0012438557898040907,0.5147795803775166,0.4455277078932133,0.03833913624505932,0.001816907474298416,0.00039217620900500275,V
-0.25205833333333333,0.3268834942597201,0.10685281881944443,0.4127786600857925,2.763633790402095,9.305527391401716,2.605,-0.74,1.865,-0.315,0.22999999999999998,0.19600177314814812,0.035277777777777776,26,0.3903333333333333,0.14451092487216116,0.3702244018928126,1.0269230769230768,4.21875,6.301736518832159,0.0019126916122352944,0.4966600208604465,0.4628707423024868,0.0389172585932038,0.0019346832453459295,0.0004224777654252362,V
-0.19937777777777776,0.31429202018285046,0.09877947395061727,0.37219749088652143,2.881670373625478,9.966347123995074,2.61,-0.755,1.855,-0.25,0.18624999999999994,0.18121186419753088,0.04055555555555555,27,0.3713675213675213,0.09104871101255231,0.24517144277258046,1.022037037037037,2.8125,6.241628474826041,0.0008982105441035658,0.4975500078268616,0.46110456105522935,0.03958132887392681,0.0019138649624895806,0.00040658004446914953,V
-0.23618333333333333,0.3087724391306107,0.09534041916666668,0.3887454001156941,2.9526187782514004,10.474216180325817,2.575,-0.77,1.805,-0.29,0.175,0.17633131481481482,0.035555555555555556,28,0.3654320987654321,0.13628072352438042,0.37293035829306803,0.9892857142857141,2.8125,6.698369043761229,0.0010189467922068847,0.45125444691016403,0.4961074709069686,0.050940222362646094,0.0019851069741594887,0.00041545997776542534,V
-0.2334111111111111,0.3200930036530857,0.10245953098765431,0.3961568853090626,3.0039630172395895,10.539569664547143,2.625,-0.79,1.835,-0.285,0.18,0.1805100864197531,0.03388888888888889,27,0.35779914529914525,0.08575892700193401,0.23968454963813152,1.021111111111111,2.8125,6.590864044151455,0.0012150930761648127,0.4529532765191767,0.49882825949789067,0.04689637936837277,0.001997853570436232,0.00038353946637020565,V
-0.24425416666666666,0.3221264298194025,0.10376543678819444,0.4042592419750255,2.7600433393501858,9.441684636948946,2.6100000000000003,-0.78,1.83,-0.305,0.20500000000000002,0.1927166365740741,0.03611111111111111,28,0.3489711934156379,0.10048507223334176,0.28794661029129764,0.9991071428571427,2.8125,6.418246380638445,0.0010651864879811924,0.4770578541985169,0.47693362422715896,0.044124233865193,0.0020581272575715477,0.0004280503057254031,V
-0.20711805555555557,0.3399507010118399,0.11556647911844137,0.3980758320415289,2.89596273054896,10.210572549669022,2.745,-0.775,1.97,-0.26,0.21,0.1950431712962963,0.0275,25,0.40277777777777785,0.16605404383287697,0.4122721088264531,1.1569999999999998,2.8125,6.198841316245759,0.0014729578891859519,0.49903042846391027,0.45989219422359623,0.03978809334906943,0.002119602667407613,0.0003894385769872152,V
-0.24935277777777776,0.3249066712031071,0.10556434499228395,0.4095621476379107,3.011819985383506,10.349076614495596,2.49,-0.67,1.82,-0.31,0.18500000000000003,0.18322103549382718,0.04055555555555555,26,0.3752222222222222,0.15815081097593423,0.4214857266163483,1.0659615384615386,4.21875,6.096715783783144,0.0010335109032893431,0.5093614943654898,0.4539231247736209,0.035195354451866154,0.00194501944984718,0.00039437882156753755,V
-0.1534361111111111,0.30995077803918925,0.09606948480709876,0.345849859042909,3.018194876897624,10.78958443515756,2.605,-0.735,1.87,-0.205,0.16499999999999998,0.17389060648148147,0.03666666666666667,27,0.3696581196581196,0.09918926780718886,0.2683270366113549,0.9696296296296296,2.8125,6.3561368628664985,0.001632581744476908,0.4882554796388036,0.47131350042281217,0.03907126414953466,0.0017925465407057518,0.0003900291828793774,V
-0.18070277777777777,0.31430999028392964,0.09879076999228395,0.36255242915872027,2.918722842165687,9.83165795624692,2.5300000000000002,-0.805,1.725,-0.24,0.165,0.1768613364197531,0.036944444444444446,27,0.38173076923076926,0.10997057006410851,0.28808411301428927,0.9988888888888888,2.8125,6.220983491009224,0.0015988689740539823,0.508345801366628,0.4548809087158687,0.03542518538360579,0.001869171992220061,0.0003800027793218455,V
-0.2606805555555556,0.32187693155359554,0.10360475906635803,0.41419694724986944,3.001317199341492,10.546468225486539,2.585,-0.73,1.855,-0.31,0.18,0.18012015432098763,0.04527777777777778,26,0.38966666666666666,0.15097935432402262,0.3874577099846603,1.0584615384615386,2.8125,6.554739720221779,0.001339319762724848,0.4627107540426061,0.49058762954776247,0.04527079331982686,0.0019990414003889967,0.0004119580322401334,V
-0.17870972222222223,0.3263177905984195,0.10648330046103395,0.3720490092417635,3.002743802027321,10.573451096729718,2.715,-0.735,1.98,-0.23,0.19000000000000003,0.18368085262345682,0.036944444444444446,27,0.36645299145299143,0.10448149880560502,0.2851156935336627,1.0346296296296296,2.8125,6.4209784642480345,0.0012513937314401885,0.4725290872076402,0.4854236066867294,0.040830921620624155,0.0019876076687968883,0.0003646122846025569,V
-0.20022916666666668,0.32320411332705495,0.10446089887152778,0.3802007601985503,2.9974704871546898,10.363570237998067,2.5149999999999997,-0.605,1.91,-0.255,0.17625,0.1832322222222222,0.0375,25,0.3943287037037037,0.1565844756795322,0.39709124445880783,1.0944,2.8125,6.211879157904765,0.0009483200863468298,0.4920844350373061,0.46671460219851085,0.0397006528243543,0.0019466935259794386,0.0003781962201222902,V
-0.21445555555555557,0.301233152082536,0.09074141191358025,0.36977371083166827,2.596753205269743,8.746575924837092,2.52,-1.195,1.325,-0.27,0.19999999999999998,0.1801228271604938,0.03888888888888889,28,0.35977366255144033,0.10865171735844596,0.3020001980909622,0.9703571428571429,2.8125,6.621110529713079,0.0012237095375033447,0.47668382166865547,0.47294675306021033,0.04867769181873217,0.001969171992220061,0.00044138410227904397,V
-0.2366527777777778,0.3261639694881762,0.10638293499228395,0.40297328971313007,3.034670654093048,10.460229240010184,2.6,-0.735,1.865,-0.3,0.15,0.18300585648148146,0.030555555555555555,25,0.3976851851851852,0.15187372809901684,0.38189435703594454,1.0956000000000001,4.21875,6.183552284358964,0.0015868369073761632,0.5033300690155478,0.4612120475675639,0.0343942472259194,0.0019498332870241735,0.00036122151195108396,V
-0.19678333333333337,0.32867718923317785,0.10802869472222221,0.3830827260527418,2.996066042825489,10.187162469219555,2.63,-0.74,1.89,-0.255,0.18124999999999994,0.1860150462962963,0.03,27,0.3712606837606838,0.10064176284049597,0.2710811223559834,1.0505555555555555,2.8125,6.145538915286902,0.0011452563121728595,0.5002680513072449,0.4637825829140137,0.034508031613373104,0.0019682620172270073,0.00038083657587548636,V
-0.24715277777777778,0.33245476549960157,0.11052617110339506,0.41425917813208035,2.9832166732343746,10.0898547916966,2.58,-0.7,1.88,-0.305,0.18500000000000003,0.18809332561728395,0.03333333333333333,26,0.38111111111111107,0.10558479127292977,0.277044641824014,1.0550000000000002,4.21875,6.059894882991502,0.0017092368720184527,0.5146762129030472,0.45375533988005023,0.030517770751750765,0.0019433523200889135,0.0003582476375764313,V
-0.21184166666666668,0.33219630648408277,0.11035438604166667,0.3939940072866309,3.045552100732381,10.50243202028433,2.675,-0.715,1.96,-0.27,0.16499999999999998,0.18570399074074073,0.028333333333333332,25,0.3966435185185186,0.1597362698465582,0.4027199800041618,1.1198000000000001,4.21875,6.283367260277544,0.0010782824367251559,0.48991360898413105,0.46961041761796674,0.03907694694932802,0.002023846901917199,0.00036744719288493607,V
-0.20343194444444446,0.32315395510773914,0.10442847870177469,0.3818547298675534,2.3162081150750633,8.592192891833974,2.82,-0.75,2.07,-0.26,0.325,0.21726682407407408,0.020555555555555556,26,0.3733333333333333,0.0959005400414769,0.2568764465396703,1.0,2.8125,6.968634182789665,0.0005749307741835956,0.45237481049184236,0.48022414959832366,0.06401542401706158,0.002035377882745207,0.0005233602001111729,V
-0.12725138888888887,0.3588009458572691,0.12873811874807098,0.3806980886768703,2.130905234732201,8.604463058486024,3.295,-0.855,2.44,-0.14,0.27499999999999997,0.22418404629629632,0.0325,27,0.37724358974358974,0.11252840527427502,0.29829109979247076,1.0844444444444445,2.8125,7.3720072081754,0.001262666914976577,0.42454369234181016,0.49431281094995944,0.07778674672788309,0.0025725826618505135,0.0006486659255141745,V
-0.27928749999999997,0.33120178786986404,0.10969462428819443,0.4332391163600587,2.6103468583832257,8.510485328725506,2.57,-0.745,1.825,-0.325,0.23500000000000001,0.19995452777777778,0.04,30,0.3397509578544061,0.0864398725025473,0.2544212768329839,1.0416666666666667,2.8125,6.711851258243929,0.0012441150500517566,0.4788502578255266,0.4666941589530442,0.052057513322491894,0.0022908655181995,0.0005157795997776543,V
-0.2017,0.3028880183610218,0.09174115166666667,0.36390114271140545,2.988829696645609,11.241325156279977,2.59,-0.625,1.965,-0.26,0.205,0.17888355555555557,0.034722222222222224,28,0.35967078189300417,0.10895377457663454,0.30292639842245067,0.9830357142857143,2.8125,7.078709216038229,0.0008068012201825625,0.43642732430008946,0.49780679960396074,0.06298114469044465,0.002167456237843845,0.0005101931628682602,V
-0.2522152777777778,0.29170776289508676,0.08509341893325617,0.3856241243462055,3.2826284682551035,12.696470650615648,2.48,-0.695,1.785,-0.3,0.16,0.15892287422839504,0.04638888888888889,29,0.3467261904761905,0.08630308085785858,0.2489084563797466,0.9691379310344829,7.03125,7.788425204619445,0.0009119940165202786,0.3822195208056146,0.533807328774182,0.0807719245203907,0.002326021116976938,0.000554585881045025,V
-0.13635,0.40639201415218124,0.16515446916666668,0.42865579625926753,0.9040211341770631,3.396955861280513,3.335,-1.435,1.9,-0.2,0.3,0.2722988055555555,0.03222222222222222,24,0.42137681159420287,0.22733171059986856,0.5394974387408747,1.3025,1.40625,5.015277429005324,0.004066991591387369,0.6813421190279787,0.2586597401727365,0.057007395353934384,0.0034582453459294253,0.0009619580322401334,V
-0.15022500000000003,0.4065884377455086,0.16531415770833333,0.4334532366165159,0.9662880218072646,3.4017861923192276,3.285,-1.395,1.89,-0.21,0.345,0.27627990277777775,0.01888888888888889,22,0.43849206349206354,0.2915668583502196,0.6649307538846636,1.2954545454545454,1.40625,5.2695222133484725,0.004647690990175101,0.6638963963675438,0.2653905588364738,0.06731617592774135,0.003027986940816894,0.0008526959421901057,V
-0.14215833333333333,0.3856278177458733,0.14870881381944445,0.4109961137961715,1.311287829425262,3.913704174741209,3.175,-1.39,1.785,-0.22,0.31625000000000003,0.2650073981481481,0.027777777777777776,25,0.4054398148148148,0.2541141404521667,0.6267616824169913,1.2329999999999999,1.40625,5.526575805688626,0.0027830264063166783,0.6501730715354809,0.27436602322634246,0.07174139549878558,0.0031643928869130315,0.000891210394663702,V
-0.1836388888888889,0.37399941716961255,0.13987556404320986,0.4166518997383254,1.1125532369642765,2.497422592725247,3.0999999999999996,-1.46,1.64,-0.245,0.40499999999999997,0.2741820833333333,0.025833333333333333,29,0.3486111111111111,0.196552490173231,0.5638159080666387,0.9913793103448276,1.40625,4.947186197853411,0.0027995096452313635,0.7094018021994072,0.2288927015515941,0.05808154205541882,0.0023703459294248403,0.0007438299055030573,V
-0.16414166666666663,0.3594297944700436,0.12918977715277777,0.39513575374659393,0.9758448641719315,3.2897573732436625,3.1550000000000002,-1.47,1.685,-0.215,0.305,0.2473162777777778,0.025277777777777777,24,0.4288647342995168,0.2870525750526555,0.669331264836944,1.1762500000000002,1.40625,5.003948150046781,0.00248499750167721,0.6943910131375332,0.24463767196544453,0.057998162959872486,0.00240735621005835,0.0006778418565869927,V
-0.24922361111111113,0.37446766103995904,0.14022602916473767,0.4498204502910022,2.7649021699486473,11.061109313143387,3.33,-1.375,1.955,-0.34,0.25125000000000003,0.23641484336419752,0.022222222222222223,26,0.3784444444444444,0.14678295053548024,0.38785864792111635,1.4053846153846155,3.515625,9.235352376307668,0.0014734598510976896,0.40478053335158876,0.39172690107174357,0.19596399892980756,0.006027382606279523,0.0015777098387993332,V
-0.18559305555555555,0.3974526557501985,0.1579686135628858,0.43864951365906396,3.185670943522258,14.417412446415959,3.87,-1.725,2.145,-0.245,0.25625,0.2222431898148148,0.034166666666666665,32,0.31594982078853046,0.13668678593846198,0.43262181822837087,1.2565625,2.109375,10.322806573858536,0.0018519582497790385,0.3373988388381624,0.4169481133714475,0.2361021436796204,0.00836338566268408,0.0022861033907726515,V
-0.09750138888888889,0.4611207662957526,0.2126323611091821,0.47131611678834456,1.4682134510792808,5.5322658674226375,3.9050000000000002,-1.72,2.185,-0.175,0.31,0.291181600308642,0.03,28,0.3573045267489711,0.177853552762041,0.4977646221845779,1.4598214285714286,1.40625,7.385182808261389,0.003884655494129377,0.5314328676360707,0.3196546577544049,0.1430415860156433,0.006350437621561544,0.0016012090050027796,V
-0.21513333333333334,0.28338861519514547,0.08030910722222223,0.3557969341258203,1.6834538651169264,4.204080372002016,2.175,-1.25,0.925,-0.285,0.22,0.19009333333333334,0.028888888888888888,22,0.4694444444444445,0.16250537005552826,0.3461652853253856,1.0127272727272727,2.109375,4.934664539479299,0.0011580878842754926,0.6887193423287569,0.26468362056883404,0.044537612748014585,0.0013100861350375103,0.00041822540300166756,V
-0.23374166666666668,0.3349967660498962,0.11222283326388889,0.4084825577671585,1.6935495413795227,5.901038665788464,2.885,-1.365,1.52,-0.27,0.215,0.20412677777777777,0.03944444444444444,26,0.38800000000000007,0.197532182094369,0.5091035620988891,0.9357692307692306,2.109375,4.700313824753074,0.003308860388606632,0.7062106312718194,0.254398631319869,0.037755657469479835,0.0015645040288969159,0.00046452195664257925,V
-0.14335833333333334,0.36848727844391044,0.135782874375,0.39539156049555624,1.6681826691408284,5.589982789908948,2.685,-1.105,1.58,-0.195,0.25125,0.22913869444444446,0.030555555555555555,25,0.40532407407407406,0.09546331097037548,0.23552341712851063,1.1179999999999999,2.109375,4.801727228454932,0.003515766624975516,0.7052594164505599,0.24646300675245952,0.04600211495061859,0.002123909419283134,0.0005639452473596443,V
-0.21478333333333335,0.398110304019711,0.1584918141666667,0.45235350605963526,1.7983322276947713,6.038727934716217,3.16,-1.32,1.84,-0.3,0.305,0.2598796666666667,0.03027777777777778,31,0.32685185185185184,0.11800452782459503,0.3610336828627837,1.0966129032258063,2.109375,5.748040149077334,0.0023436402929016614,0.6287182357867471,0.30428669938804875,0.06186639398574364,0.0032830577938316196,0.001016599499722068,V
-0.1433986111111111,0.40130891502164356,0.16104884527584876,0.42615960266600167,2.809844028769881,9.892205892932234,3.0,-1.02,1.98,-0.23249999999999998,0.275,0.2434693186728395,0.03222222222222222,29,0.34176587301587297,0.15141797838851334,0.44304592805695636,1.3675862068965516,2.109375,9.05760303009353,0.002029516048213394,0.3812083419190335,0.44493041490658103,0.16761017356133848,0.005659502639622117,0.0013459491384102279,V
-0.2214986111111111,0.49120330990816585,0.24128069166473762,0.5388342290434869,2.7831714768804643,9.382279274163706,3.46,-1.15,2.31,-0.325,0.26,0.2879951913580247,0.03194444444444444,28,0.35802469135802467,0.12527138654354267,0.3498959417250675,1.5876785714285717,2.109375,7.994693656895467,0.005449298535945265,0.479362657530402,0.3769899615257076,0.13831105051279524,0.007130904417893859,0.0016984157865480823,V
-0.2251027777777778,0.3995699987250955,0.15965618388117284,0.4586147015136393,2.180106367711846,9.55634135943139,4.130000000000001,-2.015,2.115,-0.28,0.26,0.2378522175925926,0.03305555555555555,28,0.35781893004115223,0.1718402059382708,0.4802434737550294,1.4216071428571428,2.109375,8.376093164281599,0.00269049391811571,0.4802785968411911,0.3496975287608853,0.16395220259009105,0.0057056612948041124,0.0013953793774319067,V
-0.23582777777777778,0.4345049652005724,0.18879456478395065,0.49437769524479513,2.6364669601144564,9.518825848841047,3.245,-1.19,2.055,-0.295,0.235,0.25102052160493826,0.03638888888888889,28,0.36769547325102886,0.16345000897665832,0.444525486080895,1.3469642857142858,2.109375,6.793652124046681,0.004711551933483091,0.5606608523188484,0.33433995005213724,0.10111867432717955,0.005337176993609336,0.0011670094496942745,V
-0.25663611111111106,0.44163163801519884,0.19503850369598763,0.5107842961781639,2.913928786775607,10.88251064957824,3.145,-0.985,2.16,-0.345,0.245,0.2562203287037037,0.025277777777777777,23,0.4156565656565656,0.20696104511842453,0.4979135714878258,1.4904347826086954,2.109375,6.7246141328566935,0.004245618820160254,0.5694226636467287,0.32504450939479046,0.1014364313518052,0.004948659349819394,0.0011561492495831016,V
-0.19831249999999997,0.49018392903908475,0.24028028428819445,0.5287798520598572,2.3786966956879994,8.122544828794553,3.4749999999999996,-1.215,2.26,-0.26,0.26,0.28346996527777774,0.036944444444444446,27,0.37724358974358985,0.19157067339562284,0.5078169082364852,1.505740740740741,2.109375,5.8482170143328345,0.007104339780421706,0.6277959153679425,0.2958909398266448,0.07332442128581028,0.005913726035009725,0.001316550861589772,V
-0.2105263888888889,0.4690382528504044,0.21999688263695988,0.5141188997260805,2.358998040437322,8.305372916433582,3.58,-1.325,2.255,-0.265,0.285,0.2834402600308642,0.025555555555555557,30,0.33477011494252873,0.12678403492617746,0.37871969231167174,1.219,1.40625,5.811140768392296,0.006384485322623155,0.6408188791830218,0.2753959356797591,0.07978587021673232,0.0048869686023895525,0.0012459838799332964,V
-0.24905972222222222,0.31997000387177016,0.10238080337770063,0.4054769396785853,1.1275288386091493,4.678140511612498,2.8600000000000003,-1.26,1.6,-0.295,0.295,0.22020721604938273,0.020833333333333332,26,0.3906666666666666,0.17512937017044372,0.4482833707434567,0.8201923076923078,1.40625,4.2317619146617345,0.0017816691380715484,0.7641045297711179,0.1944171429654316,0.039153237887667815,0.0012502709085857185,0.0004437743190661478,V
-0.21945,0.3305759750462483,0.10928047527777779,0.39678555641275276,0.9852259161640144,2.255797100332912,2.1950000000000003,-1.155,1.04,-0.29,0.325,0.2380625833333333,0.021388888888888888,24,0.42681159420289844,0.19708968244217093,0.4617720912906553,0.9577083333333333,1.40625,3.8118037225602164,0.002098607053796812,0.8021227482424108,0.16665032296391152,0.02883363545435159,0.0012357252014448456,0.00048429683157309614,V
-0.23629583333333332,0.3274205501328613,0.10720421664930553,0.4037820420722051,1.6918964465138768,5.2267582059026125,2.965,-1.405,1.56,-0.29,0.27999999999999997,0.21991815972222223,0.022222222222222223,27,0.3729700854700856,0.20368687110439052,0.5461212012423645,0.9087037037037036,2.109375,4.7810082052624345,0.0014349383984036854,0.7137032202715996,0.23552545128690608,0.04848727501702532,0.0015314115031953319,0.0004652654252362424,V
-0.1389138888888889,0.37914827915325755,0.14375341758487653,0.4037951041197888,2.945452292324922,14.450589559645248,3.9800000000000004,-1.82,2.16,-0.2,0.24,0.21511146604938272,0.035555555555555556,31,0.32046296296296295,0.1479358722244518,0.4616317307206239,1.2482258064516132,3.515625,9.789821454960668,0.0014360514823336934,0.3757411077196569,0.4005361403230518,0.21707801991269468,0.006930181994998611,0.0016530086158977211,V
-0.15794583333333334,0.2295754139211848,0.052704870677083335,0.2786606483600518,1.387529145955856,4.590022375861597,1.9449999999999998,-0.97,0.975,-0.2,0.22499999999999998,0.15759277777777778,0.03166666666666667,25,0.4069444444444445,0.1942773753159919,0.47740515436011655,0.7256,2.109375,5.278724186659994,0.0004922668853769359,0.684680823306781,0.24598647202848012,0.0658323039127739,0.0010613573214781882,0.00042511117287381877,V
-0.2152861111111111,0.2343491609789615,0.05491952925154321,0.318225767166785,1.1468131443632628,3.3935660310633695,1.745,-0.93,0.815,-0.255,0.21999999999999997,0.16283349845679013,0.03111111111111111,28,0.3559670781893004,0.17787854606775805,0.49970504849092723,0.7067857142857142,1.40625,4.861842746327575,0.0005166275334364443,0.7207750281088425,0.22517705676002148,0.05012799296444964,0.0010341344818005,0.0004552598665925514,V
-0.27927222222222226,0.2581013976146144,0.06661633145061728,0.38027530232129925,1.2035938311736083,4.96766341979438,2.335,-1.2,1.135,-0.33,0.21499999999999997,0.17237795370370368,0.034444444444444444,24,0.4030193236714976,0.21610684682695727,0.5362195659955666,0.759375,1.40625,4.9600719417395265,0.0009266826464728116,0.7046445372599541,0.23100074642045917,0.06133971820251984,0.0011436232286746318,0.0004366870483602002,V
-0.15035416666666665,0.4094891375026191,0.1676813537326389,0.43621981748502286,1.417014041521054,6.23363922058717,3.4400000000000004,-1.425,2.015,-0.23,0.305,0.2627170023148148,0.02861111111111111,25,0.3865740740740741,0.20914758573798417,0.5410284852623303,1.4484000000000001,2.109375,7.959456535112444,0.0022293379479926653,0.49846736705704975,0.33873166947813554,0.15667066658285267,0.005437857738260628,0.0014025013896609227,V
-0.11401944444444445,0.4570436213799902,0.20888887184413585,0.471051276991747,2.1415650356452303,7.730271987600924,3.7649999999999997,-1.425,2.34,-0.175,0.32999999999999996,0.2824076635802469,0.035833333333333335,25,0.4059027777777777,0.234606195983674,0.5779861800111046,1.3738000000000001,1.40625,5.770853841911757,0.004655146547115617,0.6355340087073726,0.28052705914321224,0.08066531631238162,0.004514774937482634,0.0011141259032795999,V
-0.16118888888888888,0.218657178119562,0.04781096154320987,0.27164833782750164,1.121189880581653,4.321354323147488,1.98,-1.04,0.94,-0.21,0.19999999999999996,0.15123265432098768,0.029166666666666667,23,0.4174242424242424,0.25173246767573326,0.6030614470634627,0.7319565217391305,1.40625,5.031707320507992,0.00041457348309693903,0.7159441256434262,0.2217240814436906,0.05895654900258213,0.0008682550708530148,0.00039044608115619794,V
-0.23006250000000003,0.47364442855887273,0.2243390447048611,0.5265622457137533,2.464562822156798,8.924526703703346,3.415,-1.13,2.285,-0.31,0.22000000000000003,0.27882663194444446,0.0225,22,0.44338624338624344,0.2234777300949258,0.5040249521234006,1.6186363636363637,1.40625,6.282960306630576,0.005737309760314626,0.5958317741615692,0.30687763879411817,0.09376016662997468,0.005510850236176716,0.001243558921623124,V
-0.22825555555555557,0.5075828188824868,0.2576403180246914,0.5565437239486819,2.6401124024961984,9.610420136374323,3.5300000000000002,-1.115,2.415,-0.315,0.17,0.287855024691358,0.01972222222222222,22,0.4462962962962963,0.2209808803509879,0.4951438812843712,1.6836363636363636,1.40625,6.351281416906689,0.006583992725886551,0.584499710704786,0.3203305289136523,0.09190944341647207,0.005846964434565157,0.001197095608671484,V
-0.2459583333333333,0.5232882262275097,0.27383056770833336,0.5782093647152772,2.5880032751932185,8.950401041613077,3.63,-1.15,2.48,-0.335,0.24500000000000002,0.3102034953703704,0.027777777777777776,23,0.4244949494949495,0.24218949071610263,0.5705356235786831,1.8069565217391301,1.40625,6.547979413299858,0.007828885966081745,0.5766977155305641,0.32036700627780207,0.09971610858678068,0.006772728535704361,0.0014263062812673707,V
-0.1168888888888889,0.3933620065663136,0.15473366820987652,0.41036164605815145,2.2206178128076046,8.476631086189386,3.5149999999999997,-1.43,2.085,-0.22,0.275,0.2551611728395061,0.02277777777777778,26,0.38266666666666665,0.20914771199345875,0.5465532543383068,1.4750000000000003,3.515625,8.419017180620926,0.002371927363619378,0.4752936439511515,0.34648021869781237,0.17255204166729754,0.005936287857738262,0.001437347137298499,V
-0.14842083333333334,0.37013632902752497,0.13700090206597224,0.3987852126563036,2.4624569006906194,9.413417544465219,3.255,-1.29,1.965,-0.255,0.21500000000000002,0.23251493055555555,0.023055555555555555,27,0.36677350427350436,0.19097714565406515,0.5206950432047915,1.402037037037037,3.515625,8.804774256379599,0.0015626998099933654,0.47328127170072554,0.32868025378637034,0.19220409646988235,0.005931453181439289,0.001450194552529183,V
-0.24495416666666667,0.3447441955991508,0.11884856039930554,0.42290791452355997,0.5238505512845881,1.8444835172618408,2.58,-1.3,1.28,-0.31,0.295,0.2441012013888889,0.025555555555555557,20,0.45307017543859646,0.37077257068043085,0.8183557223149878,1.13125,1.40625,3.9313055455474326,0.002820833485806713,0.7814017240365712,0.18987461459421104,0.027284033532926865,0.001172582661850514,0.0003783560311284047,V
-0.17272361111111112,0.3868648809457665,0.1496644361091821,0.4236719036523952,1.7685954743179062,6.547591312351239,3.265,-1.15,2.115,-0.235,0.255,0.2458680015432099,0.026944444444444444,20,0.43771929824561395,0.2743314215941031,0.626729099433422,1.355,0.703125,5.125944924393052,0.003422630951995996,0.6743553970479707,0.26102472457836806,0.06221836965326287,0.0026166504584606834,0.0006588590883824349,V
-0.18399305555555556,0.3423375425034921,0.11719499300733026,0.38864950469542603,2.4095373229828714,10.179902145340664,3.1849999999999996,-1.39,1.795,-0.27,0.255,0.21718885030864196,0.03166666666666667,30,0.33927203065134104,0.1520082047991896,0.448042252429006,1.2463333333333335,2.109375,9.255624534795485,0.0010892185842056939,0.4301062654250296,0.35772677921429885,0.20258972768688588,0.005834766601833842,0.001678043357420789,V
-0.197125,0.30198309543839624,0.09119378993055555,0.3606273083885295,0.8616894788414954,2.531893477872792,2.495,-1.29,1.205,-0.26,0.32,0.220954375,0.015,23,0.429040404040404,0.29888931986273337,0.69664608985075,0.9663043478260869,2.109375,4.446542077655352,0.0014175212724776719,0.7220331720418461,0.23754537557056385,0.038278206793168686,0.0013649833287024174,0.00046138827126181213,V
-0.12256944444444444,0.29616855778747614,0.08771581462191358,0.3205293798286412,1.222952697697956,3.4799447765285736,2.085,-0.865,1.22,-0.175,0.23500000000000001,0.20231118827160496,0.0275,22,0.4288359788359789,0.21042857535315604,0.49069710970692765,0.799090909090909,0.703125,3.510762314781852,0.0016135598967460725,0.8085030644781694,0.1688325907685666,0.020913608338152784,0.0008047929980550153,0.00036863535297387444,V
-0.14441944444444446,0.2981979146281547,0.08892199628858025,0.3313290995705361,1.731750848773844,4.868849055689556,2.06,-0.715,1.345,-0.2,0.22499999999999998,0.19897058641975307,0.02722222222222222,23,0.45025252525252524,0.22688743997256516,0.5039115324124274,0.7847826086956522,0.703125,3.806984820182935,0.0012294719764663058,0.7851154549494682,0.1900333120208718,0.022878706704573596,0.000864469297026952,0.00038312256809338517,V
-0.054027777777777786,0.30048553173813647,0.09029155478395061,0.3053040378959236,1.5369064690892775,4.040615678354225,2.205,-0.84,1.365,-0.11,0.295,0.21047229938271603,0.024722222222222222,25,0.39872685185185186,0.23514642137344843,0.5897431293662103,0.8842000000000002,2.109375,4.852184045438584,0.0011894446668527859,0.6881613190270507,0.2669457417228245,0.042598466711006415,0.0013169005279244235,0.00043773624235686487,V
-0.19545277777777778,0.41409079183335246,0.17147118388117283,0.4579006139133493,1.1042947104976382,5.1001164502962855,4.04,-1.945,2.095,-0.3,0.325,0.2772807361111111,0.023055555555555555,24,0.3631642512077295,0.21127824777123438,0.5817704993501233,1.4083333333333332,2.109375,6.258978669038097,0.0047282905141573985,0.5969539509781479,0.3003943712898889,0.09868115353907633,0.004240150041678244,0.001065209838799333,V
-0.1617236111111111,0.3847539184671792,0.14803557777584878,0.4173608800147262,2.446342297367114,8.35615223995748,3.13,-1.185,1.945,-0.245,0.26,0.24476602546296297,0.026111111111111113,26,0.37644444444444447,0.22825305428432596,0.6063392823373476,1.3071153846153847,1.40625,6.880045913217882,0.002437880346947425,0.5402610918635465,0.3553234468492786,0.10075714635824137,0.004382252014448458,0.0010181142301278487,V
-0.17354999999999998,0.42836367629231437,0.1834954391666667,0.46218507295959554,2.2512137474257323,8.011347982545429,3.6900000000000004,-1.485,2.205,-0.27,0.27125,0.27161155555555555,0.01611111111111111,23,0.41717171717171714,0.2547509241670037,0.6106620216109774,1.560869565217391,0.703125,7.129781061203812,0.002815729454868661,0.535116940595349,0.34122275876785213,0.1196933276198413,0.00477059599888858,0.0010883407448582546,V
-0.16337222222222222,0.3947563809990995,0.1558326003395062,0.4272272034097704,2.8193323927663254,11.263233131562018,3.92,-1.705,2.215,-0.235,0.22999999999999998,0.23409129012345678,0.025555555555555557,22,0.46441798941798945,0.28380448823502075,0.6110971036903323,1.469318181818182,3.515625,6.900174119911678,0.0025921995676842333,0.5387265129769024,0.3517031439955951,0.10604268861628038,0.004556369824951375,0.0010354780433574208,V
-0.18276805555555556,0.3854265282797419,0.14855360870177467,0.4265650839360077,1.4248403314130305,4.653178935325915,3.075,-1.25,1.825,-0.285,0.31,0.26298451466049383,0.01888888888888889,25,0.39548611111111115,0.21001759384583532,0.5310365849657644,1.202,1.40625,5.440657225405969,0.003068153989819123,0.6521227930211814,0.27326857734842125,0.07161178170992921,0.0029554042789663795,0.0007675583657587549,V
-0.1824888888888889,0.2504847797303126,0.06274262487654321,0.3099109863242096,1.5992950775575205,3.6704945477887376,1.75,-0.84,0.91,-0.26,0.20500000000000002,0.1760050740740741,0.023333333333333334,20,0.4931286549707602,0.257102438261074,0.5213699014840635,0.88025,0.703125,4.743289499563596,0.0005570880724055859,0.7316475420264467,0.20844744944377439,0.05674432783496038,0.0009374270630730759,0.00040676070038910505,V
-0.1944347222222222,0.472001066577103,0.22278500684992283,0.5104800368824971,1.318555379763137,4.453173131133483,3.5900000000000003,-1.495,2.095,-0.285,0.28500000000000003,0.3027895231481481,0.020555555555555556,22,0.44219576719576714,0.3610985132597193,0.8166032785652044,1.6631818181818183,1.40625,5.524374153674003,0.007978572830710625,0.6521771547298649,0.266844099558224,0.07774232238054668,0.00464987496526813,0.0011964077265147303,V
-0.10879722222222221,0.4718879021701088,0.22267819221450616,0.4842675167485197,1.472313354874928,5.087049690228984,3.8899999999999997,-1.59,2.3,-0.205,0.265,0.29948327623456794,0.018333333333333333,19,0.49166666666666664,0.401167492019168,0.8159338820728841,1.8239473684210528,1.40625,5.836587632692739,0.007509843048531709,0.622325515632969,0.286553211502926,0.08753778602784189,0.004728014726312866,0.0011487076153418566,V
-0.05825138888888889,0.46706620322232206,0.21815083819251546,0.47068467417157317,1.4924740777893568,5.560587561639231,3.88,-1.555,2.325,-0.16,0.305,0.29849928703703704,0.0225,20,0.48801169590643273,0.3544035758849618,0.7262194305132231,1.80775,1.40625,6.231839151742131,0.0065980572494988956,0.6006085151107726,0.294161745657721,0.10160984890508235,0.005263441233676022,0.0012602140077821013,V
-0.06267083333333334,0.49240522069889525,0.24246290137152776,0.49637741157532767,1.4128311984745567,4.347560893465921,3.7750000000000004,-1.47,2.305,-0.155,0.305,0.3175182199074074,0.019166666666666665,20,0.5124269005847953,0.38332418882754604,0.7480563342597475,1.8082500000000004,1.40625,6.5944645293093345,0.0042543595674873055,0.5619489581196502,0.3249448659239262,0.10906010213570075,0.004849909697138094,0.0011358324068927181,V
-0.13454583333333336,0.44692066237181416,0.1997380784548611,0.46673403531585544,1.2747113931095628,4.6889652632497025,3.6399999999999997,-1.51,2.13,-0.21,0.25625,0.2809714722222222,0.017777777777777778,20,0.4967836257309941,0.3749748347175507,0.7548051411030157,1.66725,1.40625,6.196947008590851,0.004030635756886834,0.5932225375932261,0.30650671271398605,0.09624001707533286,0.0041771116976938045,0.0010384936075597555,V
-0.14261527777777777,0.41669284989723354,0.1736329311554784,0.4404225795881849,1.663472372170933,5.9456139619731285,3.4800000000000004,-1.485,1.995,-0.235,0.275,0.2668153125,0.02,21,0.4444444444444445,0.25230725438893736,0.567691322375109,1.5457142857142858,1.40625,6.386495445357889,0.0032977776191898457,0.5832149764090584,0.3048177934894711,0.10787060018181585,0.004276222561822729,0.0010641536964980545,V
-0.15238333333333334,0.4233537399937157,0.17922838916666667,0.44994340693518825,1.3308920485765117,3.7919129790031363,3.24,-1.355,1.885,-0.25,0.275,0.2817296759259259,0.019444444444444445,24,0.41908212560386476,0.25004066275296577,0.5966388148687483,1.3945833333333333,1.40625,5.6642723653482445,0.00341158374527027,0.634138601873542,0.2821244766465344,0.08052845211037053,0.003255001389274798,0.0008028696498054475,V
-0.1572625,0.28685085988362,0.0822834158159722,0.32713133405747336,1.4184074045580193,3.694383923748764,2.11,-0.945,1.165,-0.235,0.21499999999999997,0.198163375,0.021944444444444444,21,0.4448611111111111,0.282447245975703,0.6349110743131632,0.9542857142857144,1.40625,4.912676509557346,0.0012573678982955778,0.7169294982755836,0.22209898410911555,0.058358888056709364,0.001324291469852737,0.000466745414118955,V
-0.12310277777777778,0.34973183852942646,0.12231235888117284,0.3707649562428707,0.9042016243504509,2.3127686399631973,2.835,-1.335,1.5,-0.195,0.32,0.25183013580246916,0.02666666666666667,27,0.3731837606837607,0.23309402449806055,0.6246092382770818,1.0438888888888889,1.40625,5.45909884408725,0.0017781689657599584,0.6622057755634382,0.26681913398038076,0.06760541379066827,0.002221658794109475,0.0006874027237354086,V
-0.17839722222222223,0.37539738277228835,0.14092319499228395,0.41563056178400654,1.6378867374457342,4.672676428434891,3.0700000000000003,-1.48,1.59,-0.275,0.305,0.25766858950617283,0.02361111111111111,27,0.3611111111111111,0.18585420462050006,0.5146731820260002,1.3457407407407411,2.109375,7.458455624855163,0.0020510194010567185,0.5343155777106611,0.32261988405102704,0.1371409114333449,0.0048286537927202,0.0013186214563646469,V
-0.16981666666666667,0.4480357838511463,0.2007360636111111,0.4791385643933171,2.5089109461328256,9.237196034986537,3.45,-1.06,2.39,-0.245,0.22499999999999998,0.2619252777777778,0.03361111111111111,25,0.3902777777777778,0.19025750094718122,0.48749252911733265,1.4045999999999998,1.40625,6.00640519731908,0.005630586631283982,0.6054081495342845,0.31468840941299514,0.07668155965226425,0.004811906085023617,0.0011255628126737075,V
-0.14999583333333333,0.1820508361065209,0.033142506927083336,0.23588399043691888,1.2258411857335312,4.672866030421129,1.64,-0.825,0.815,-0.16,0.185,0.12700450925925927,0.06194444444444445,24,0.3840579710144928,0.13927053215503782,0.3626289327810418,0.500625,0.703125,7.603151021466127,7.678402499362508e-05,0.48203689879080375,0.4343167925483852,0.0606239331263965,0.0011426437899416505,0.000790911617565314,V
-0.21784166666666668,0.20537968209987192,0.04218081381944445,0.2993923939507408,2.127061676972542,6.420691410997925,1.63,-0.835,0.795,-0.25,0.14500000000000002,0.12613550462962966,0.04138888888888889,20,0.5099415204678363,0.1759438387580209,0.3450274819681373,0.7739999999999999,0.703125,6.571036607274426,0.00013696951810384482,0.48615103710902924,0.46213089663397705,0.04716970428755263,0.0010269102528480134,0.00038132990550305727,V
-0.21276250000000002,0.2224642929759865,0.04949036164930556,0.3078282687726317,1.3958808964526737,6.43703431709482,2.3049999999999997,-1.515,0.79,-0.23,0.13,0.13241561805555557,0.07361111111111111,19,0.5061728395061729,0.26842839412768427,0.5303097542522542,0.7092105263157895,2.109375,5.498259254405782,0.00037309709651615257,0.594631109798182,0.3702146301865031,0.0312516265200916,0.0008676021116976938,0.0003696428571428572,V
-0.21967777777777778,0.31452944404751604,0.0989287711728395,0.3836497064018455,1.9923870022005734,14.691076493118288,3.4899999999999998,-1.355,2.135,-0.245,0.16625,0.1686644691358025,0.03194444444444444,20,0.4992690058479533,0.22444220459709616,0.44954163380501827,0.8694999999999998,1.40625,4.126449353296998,0.0024868914360323246,0.738177611127043,0.24589056280999622,0.014346262682515484,0.0011039385940539038,0.00036306976097832125,V
-0.3008416666666667,0.2576960147958572,0.06640723604166665,0.3961223856896306,0.11609573604465294,3.213541808401315,2.55,-1.79,0.76,-0.33,0.29500000000000004,0.19160950925925924,0.03361111111111111,26,0.3963333333333333,0.13679921305094567,0.34516201779044325,0.5828846153846153,2.109375,6.9372413055026145,0.00011320312375583131,0.5031890589872006,0.4282304729057164,0.05064747307526728,0.0012552167268685744,0.0007265842134519178,V
-0.32164305555555556,0.23039356805643402,0.05308119620177469,0.3956456133825938,0.09557575706907707,1.8489112690935752,2.0300000000000002,-1.475,0.555,-0.31,0.27999999999999997,0.17303064583333333,0.03222222222222222,22,0.4563492063492063,0.20176896784520545,0.4421372164955807,0.6493181818181817,2.109375,6.55296822563846,0.00016764537409951524,0.5311569108580855,0.40463388238197523,0.052510035953958444,0.001058766323978883,0.0005680100055586438,V
-0.23657638888888888,0.4388911308289257,0.1926254247202932,0.4985918295560007,1.521301749871407,4.0859431906615695,3.16,-1.605,1.555,-0.285,0.43000000000000005,0.29045787037037035,0.01888888888888889,29,0.3363095238095237,0.0644083804204076,0.19151518425891115,1.270344827586207,2.8125,5.1497773540721665,0.00743976940941029,0.5689978494658371,0.42591829569808154,0.004362977676136017,0.002304827729924979,0.00036190244580322397,V
-0.2544222222222222,0.422773760164879,0.1787376522839506,0.49342509000297546,1.495331092178721,3.9811747441064886,3.015,-1.54,1.475,-0.29,0.37249999999999994,0.279615037037037,0.024444444444444446,29,0.34067460317460313,0.04385908098251592,0.12874185681530592,1.2024137931034484,2.8125,4.9538176904538345,0.003801053723800657,0.5848431064639014,0.4092744246895303,0.004972354137493701,0.002137072797999444,0.0003344566425792107,V
-0.19046527777777778,0.4703039488989252,0.22118580434992283,0.5074079486851668,1.8898915287853248,4.994783683277416,2.815,-1.055,1.76,-0.25,0.45625,0.3038954861111111,0.019444444444444445,28,0.3524691358024691,0.0522544628026378,0.148252591489095,1.4189285714285713,2.8125,5.598010984460953,0.008256682617351551,0.5254609718113497,0.4670745769232388,0.006771802639031753,0.002818268963601,0.00037147720956086724,V
-0.1960236111111111,0.43053347172531053,0.18535907027584875,0.4730584809396074,1.6779086634958138,4.022710963646796,2.5949999999999998,-1.005,1.59,-0.25,0.435,0.28620661805555553,0.017777777777777778,29,0.3524801587301588,0.0808742303871607,0.22944335555940884,1.2786206896551724,2.8125,5.392183261699157,0.006218158309706098,0.5482572952972277,0.4474606021590479,0.003560429802869094,0.0022253125868296753,0.0003138132295719844,V
-0.23145416666666668,0.3847405916969323,0.14802532289930556,0.4489948264364153,1.8682822804976562,4.902240419514561,2.435,-0.97,1.465,-0.27,0.365,0.2485610416666667,0.021944444444444444,27,0.3613247863247864,0.06978516022706623,0.19313693072895913,1.1846296296296295,2.8125,5.09823338192211,0.0033437730384483226,0.5635826132092894,0.43119519251963306,0.004308189803260658,0.0018942067240900252,0.0003413354641467482,V
-0.19403333333333334,0.4685147738688006,0.21950609333333335,0.5071045531029846,1.381251488370838,4.013361870806649,3.2800000000000002,-1.625,1.655,-0.235,0.43625,0.3072815185185185,0.017222222222222222,28,0.34043209876543207,0.07024978839395113,0.20635477279818829,1.3664285714285715,2.8125,4.9707846374172835,0.005163958322303161,0.5880600634278084,0.4020768863435467,0.009102732419181017,0.0026209849958321756,0.00036840605892162316,V
-0.26811944444444447,0.4471172691807948,0.19991385239969134,0.5213462274620283,1.7996829249599715,4.754194599956659,2.9050000000000002,-1.305,1.6,-0.31,0.4,0.2907541820987654,0.020833333333333332,29,0.3372023809523809,0.09320007519039396,0.276392102947682,1.3008620689655173,2.8125,5.500398164329265,0.008203801712138858,0.530021524993343,0.4634091543065231,0.005917079613201982,0.002580397332592387,0.00036448026681489714,V
-0.22558611111111113,0.4267300614705441,0.18209854536265432,0.48268793116141706,1.5804489273497617,4.25005563643198,3.035,-1.535,1.5,-0.255,0.385,0.2787739182098765,0.025,28,0.3551440329218107,0.05990534993558739,0.16867902704922058,1.2669642857142858,2.8125,5.2828661488270345,0.0030865591686971626,0.5534123078400153,0.4410007313027483,0.004633955762743786,0.0022943109196999173,0.0003568371317398555,V
-0.24923750000000003,0.44929091724179365,0.20186232831597226,0.51379145547802,1.7294521743451636,4.744198478370357,3.1799999999999997,-1.575,1.605,-0.29,0.43000000000000005,0.29016454166666666,0.019444444444444445,28,0.34495884773662555,0.08852173736669462,0.2566153555634571,1.3430357142857139,2.8125,5.192217496546916,0.005142371266805571,0.5562552371413452,0.4359160914789373,0.007080613178103632,0.0026989580439010837,0.0003764869371873263,V
-0.30869027777777774,0.3785906979471961,0.14333091657214506,0.4884880798613889,1.22956593187706,2.461117153882256,2.635,-1.08,1.555,-0.38,0.43500000000000005,0.276813337962963,0.02,32,0.3052867383512544,0.04694656438719122,0.15377859071354685,1.145625,3.515625,5.352128275035353,0.0035753170981449047,0.5955713437271489,0.3962642757587062,0.007025729590732877,0.0018360516810225062,0.0003454974986103391,F
-0.17949444444444443,0.41963257072536714,0.17609149441358024,0.4564096296091922,1.3328030150608714,3.69849011581063,3.055,-1.59,1.465,-0.215,0.39125,0.2830281450617284,0.023333333333333334,31,0.3231481481481481,0.05967734460860007,0.18467487729881976,1.1966129032258062,2.8125,5.383808499070913,0.004384656070023003,0.5636678618902944,0.4256649518135515,0.009789266490639716,0.0021988677410391777,0.0003507851584213452,F
-0.15040138888888888,0.15889409033225696,0.025247331942515435,0.218787361888712,-1.5787806199982626,8.786594494712109,1.7600000000000002,-1.215,0.545,-0.15,0.14,0.10192363040123456,0.03666666666666667,17,0.5887152777777778,0.2897863809027487,0.49223519728688664,0.6473529411764706,1.40625,6.318632163202288,0.00010501981782487719,0.621530932066306,0.2684918076770666,0.10188333056518062,0.0009086690747429842,0.0004726792662590328,F
-0.21625555555555556,0.15491899755184688,0.023999895802469137,0.26601947505983675,-1.686818451214619,11.33706033227393,1.89,-1.41,0.48,-0.215,0.13000000000000003,0.0972189074074074,0.06305555555555556,25,0.3951388888888889,0.17430832224453227,0.441131782130275,0.5264,0.703125,6.858131524354624,8.104450674613943e-05,0.5951774275464599,0.2789539061875201,0.11543936543840035,0.0008488885801611558,0.0004620205669816564,F
-0.162525,0.13342428954904226,0.017802041041666664,0.2102769998517828,-2.4107480374957704,18.11881669522937,1.815,-1.395,0.42,-0.165,0.10124999999999999,0.08165629166666667,0.06333333333333334,26,0.3712222222222222,0.16907131959948474,0.4554450393281541,0.48096153846153844,0.703125,7.237074999344141,6.364741255579963e-05,0.5914796163213797,0.2677769113613694,0.1284790175145638,0.0008314253959433176,0.0004965327959977765,F
-0.10705000000000002,0.13996881696371596,0.01959126972222222,0.17621286054718657,-1.5437031269063206,10.376192862726166,1.705,-1.24,0.465,-0.11,0.125,0.09146411111111111,0.05388888888888889,21,0.4606944444444444,0.2482333800212818,0.5388243401125201,0.5523809523809524,0.703125,7.132606706565286,6.714344378498888e-05,0.6677049301508344,0.16814981857096356,0.14665569892084213,0.0008438524590163934,0.0005169121734296832,F
-0.18110833333333334,0.17344381715222174,0.030082757708333328,0.2507648023768709,-1.1818692595103508,11.88878741017526,2.14,-1.54,0.6,-0.195,0.14500000000000002,0.10976255092592592,0.041944444444444444,23,0.426010101010101,0.21790398041136003,0.5114995627913371,0.5949999999999999,0.703125,6.937021321209833,0.00012877837664209018,0.5666859613550632,0.3123239571825409,0.11241663884364884,0.00099842317310364,0.0005035992217898832,F
-0.17160694444444444,0.211728913961533,0.04482913300733025,0.2725400454775204,1.4806444683487476,16.74962241405719,3.125,-1.595,1.53,-0.2,0.15500000000000003,0.12907860956790124,0.04027777777777778,29,0.3223214285714286,0.15058579424348617,0.4671913838025055,0.5205172413793103,2.109375,5.710571420071158,0.00027601559127033126,0.6826896019649742,0.228842548945744,0.07955799955334807,0.0010976590719644346,0.0005566773207337409,F
-0.870475,0.6787531231256161,0.46070580215277773,1.1038263123235366,3.1027502525146713,11.813890386053394,4.9399999999999995,-2.25,2.69,-1.03,0.25,0.36951211111111104,0.02277777777777778,26,0.38222222222222224,0.16795061002392164,0.4394056657602601,2.436153846153846,3.515625,7.818505041694679,0.014509926779509958,0.4689369032948633,0.3936074605464715,0.1350125456937383,0.013539580439010835,0.0027972901612006666,F
-0.8724430555555556,0.4442000420000946,0.19731367731288582,0.979015098198184,-0.2183343424942147,3.7713717135175235,3.465,-2.465,1.0,-0.805,0.2962499999999999,0.28087936033950617,0.02277777777777778,32,0.3183691756272401,0.14623694347760302,0.45933135074867715,1.2125,1.40625,6.945630124730294,0.00408937609420901,0.4256237392785036,0.5165373925446746,0.054739289067081254,0.004901757432620172,0.001013375486381323,F
-0.8802041666666666,0.35829297250895886,0.12837385414930555,0.9503332200689749,-0.6499948453493622,5.674737730771868,3.1799999999999997,-2.26,0.92,-0.84,0.18499999999999994,0.20345486805555552,0.050555555555555555,25,0.3939814814814815,0.15973564087487316,0.4054394645002656,1.4666,7.03125,8.931062118574651,0.0020453990617568182,0.2526155212452323,0.6394365928430228,0.10328400398939579,0.005170839121978327,0.0011715397443023902,F
-0.712676388888889,0.4347374009397498,0.18899660777584876,0.8348079078779475,-0.31325620402942234,2.7128861261139026,3.4299999999999997,-2.27,1.16,-0.71,0.405,0.2981798356481482,0.050277777777777775,30,0.342911877394636,0.12399786928541377,0.361602724955229,1.3371666666666668,7.03125,8.738329797857155,0.002593597939745858,0.29268972061318405,0.5986698887067745,0.0999010259356845,0.0059930119477632675,0.0015403488048916065,F
-0.9414763888888887,0.38296782501676424,0.14666435499807096,1.0163868091594523,-0.5674928659527383,4.746761916427312,3.1399999999999997,-2.315,0.825,-0.885,0.23499999999999988,0.2300862777777777,0.023055555555555555,23,0.4223484848484849,0.26523907284504217,0.6280100020725661,1.3982608695652174,5.625,7.7207999568391905,0.0022420161685295474,0.3436789675944538,0.5755720052384142,0.07761393952002195,0.0044318491247568766,0.0009223040578098943,F
-0.8200347222222222,0.3814487262251792,0.14550313073881171,0.9044114530394277,-0.38417478695640334,4.723515346802265,3.055,-2.115,0.94,-0.77,0.18000000000000005,0.22109918981481477,0.02277777777777778,25,0.40173611111111107,0.19682049020021852,0.4899248157101378,1.3086000000000002,1.40625,7.620727201429167,0.002437502187047379,0.34192207147437753,0.5881137725294684,0.06737177214114747,0.004329640177827174,0.0008967481934408007,F
-0.7389152777777779,0.1792777091241734,0.032140496988811725,0.7603527370386867,1.7768341298365176,7.135204060601957,1.795,-1.675,0.12,-0.765,0.14,0.11146041358024689,0.03666666666666667,20,0.4953216374269006,0.2983167699775198,0.6022688036145913,0.5704999999999999,0.703125,5.21235780369228,0.00011808111120257922,0.6069895500411351,0.35331963639711594,0.03724227155941014,0.0004996248958043901,0.00021387576431350754,F
-0.09739861111111113,0.35957797909998124,0.12929632305362654,0.3725356526562257,-1.438682538490485,11.667342262465972,3.4349999999999996,-2.32,1.115,-0.145,0.19,0.2008403804012346,0.026944444444444444,29,0.33640873015873024,0.10292604943443323,0.30595534600385926,0.8410344827586206,2.109375,5.0314038880558,0.0024126416680967052,0.6712556487437478,0.2840785422052036,0.043249207910135375,0.0018577104751319811,0.000426215953307393,F
-0.06380555555555556,0.3235336853013784,0.10467404552469135,0.3297653627117991,-0.4185980156951428,6.165106846938382,3.42,-2.04,1.38,-0.05,0.20500000000000002,0.19557143518518516,0.04111111111111111,27,0.375,0.18093484159797296,0.4824929109279279,0.8862962962962962,0.703125,6.042455267130955,0.0008290879255082981,0.6008468446086681,0.31344017653701656,0.08071805573146706,0.0020738121700472354,0.000560943579766537,F
-0.1331111111111111,0.2856718715762484,0.08160841820987655,0.3151618411405656,-1.4875189855860937,15.816016268118606,3.2600000000000002,-2.33,0.93,-0.16,0.14500000000000002,0.1528501851851852,0.03888888888888889,30,0.32854406130268204,0.12041704296194224,0.366517180327311,0.7183333333333334,2.109375,5.764111167388914,0.0009621908169173143,0.6131828777992993,0.3173414463486871,0.0670501090089828,0.0015825507085301472,0.0003977973874374652,F
-0.20848888888888892,0.17006692273889282,0.02892275820987654,0.2690545948316066,3.5265749783610683,17.596767351310355,1.855,-0.865,0.99,-0.235,0.08499999999999996,0.090016,0.050555555555555555,19,0.49027777777777776,0.353783985944195,0.7215990648153553,0.6389473684210526,4.21875,6.520399988522042,0.00010355680296065891,0.5575716949827494,0.35733290830922215,0.0823498224542665,0.0007021742150597388,0.0002356586992773763,F
-0.19914722222222225,0.16342678616655348,0.026708314436728393,0.25761974022880224,3.314121416271074,15.81732396291357,1.775,-0.86,0.915,-0.235,0.07500000000000001,0.09109337499999999,0.02666666666666667,18,0.5196078431372549,0.30799010895672224,0.5927356813884088,0.665,1.40625,6.491947014395788,9.103228306623657e-05,0.56131391884272,0.34609369476712115,0.08964314943019153,0.0006910252848013337,0.00022887715397443026,F
-0.17456527777777775,0.165855772903684,0.0275081374054784,0.24079280224107844,3.3723210231116125,15.033945727126419,1.71,-0.775,0.935,-0.22,0.08499999999999999,0.0943921813271605,0.02,18,0.527450980392157,0.42758556325095515,0.8106640790259743,0.6544444444444444,3.515625,6.730014484689799,7.688594554634675e-05,0.5503627102809051,0.35619501822704475,0.090018835854085,0.0006596832453459294,0.00023978599221789886,F
-0.15770277777777778,0.16461942808610125,0.027099556103395064,0.22796868693358355,3.347947226421762,16.106042188100556,1.8399999999999999,-0.845,0.995,-0.2,0.09499999999999997,0.09349854320987654,0.03638888888888889,18,0.5462418300653595,0.32092218753255647,0.5875093591681859,0.68,0.703125,6.750399802512354,7.825266650694776e-05,0.5340546968906892,0.3651802521679352,0.09764335412043225,0.0007115309808280077,0.00023087826570316843,F
-0.17292222222222223,0.15637882087189411,0.02445433561728395,0.23314465585887992,3.3344457757004453,14.955764324275705,1.6,-0.665,0.935,-0.215,0.07999999999999999,0.09123824691358023,0.025833333333333333,19,0.5109567901234568,0.29925529457148403,0.5856763240178847,0.6028947368421053,0.703125,6.694350952847091,6.974466009637405e-05,0.5385113674705014,0.3664832921087037,0.09176911244774219,0.0005782231175326481,0.00021616175653140637,F
-0.16128888888888884,0.17322365885656127,0.030006435987654317,0.23668658953702187,2.5852038930286074,11.255648427686067,1.7349999999999999,-0.78,0.955,-0.2,0.08499999999999999,0.10143475308641978,0.03194444444444444,18,0.5663398692810457,0.3176425199385231,0.5608690773294176,0.7124999999999999,0.703125,6.374943016475304,8.236936144991951e-05,0.5561428799249765,0.3518819366336597,0.08876999929116516,0.0007017018616282301,0.0002511047804335742,F
-0.15081388888888891,0.16258776715768314,0.02643478202932099,0.2217647652606498,3.000496556654523,12.520122695090496,1.685,-0.76,0.925,-0.195,0.09,0.0972291635802469,0.022222222222222223,17,0.5725694444444445,0.34673281481398205,0.60557338184613,0.6741176470588236,0.703125,6.3942202483102175,7.682725186190948e-05,0.5669491534633465,0.33826173537910526,0.09158846765874894,0.0005832175604334537,0.0002238743746525848,F
-0.15442916666666665,0.14994517696061452,0.02248355609375,0.21524851593242428,3.4009334778441427,16.81653786103701,1.73,-0.775,0.955,-0.195,0.07500000000000001,0.08516246296296297,0.03277777777777778,17,0.5562499999999999,0.329929817406036,0.5931322560108513,0.6185294117647059,0.703125,6.745940456430267,6.144747799819635e-05,0.5336113518794803,0.36881861073015504,0.09403663865111801,0.0005730897471519866,0.00021844774874930518,F
-0.17564444444444446,0.18761478330233,0.035199306913580246,0.2570024859369609,2.636923246635935,9.826382877473476,1.78,-0.855,0.925,-0.225,0.1,0.11146016049382715,0.021388888888888888,21,0.4955555555555556,0.2912528810857341,0.5877300290967729,0.701904761904762,0.703125,5.497361625162084,0.00016040445532420353,0.6595769461732093,0.26373463702432165,0.0742970017440265,0.0008120033342595166,0.00024907587548638133,F
-0.14987222222222224,0.17224880359383102,0.029669650339506172,0.2283228708065255,2.711041250913212,12.10524790265035,1.8050000000000002,-0.775,1.03,-0.185,0.10499999999999998,0.10057056481481481,0.04055555555555555,18,0.5235294117647058,0.3005685088468218,0.5741196236399968,0.6983333333333334,0.703125,6.397878582387584,0.00010491996136702808,0.5662507404204477,0.338485602091344,0.09206069031400532,0.0006818352320088914,0.00024751945525291834,F
-0.11542083333333335,0.18670571573520303,0.03485902428819444,0.21950169260293997,3.1751168164792754,14.119582192701149,1.8599999999999999,-0.67,1.19,-0.16,0.11999999999999998,0.10989507870370369,0.026111111111111113,20,0.5014619883040936,0.2999084336395134,0.598068130056639,0.70225,0.703125,6.5663828088502205,0.00010373354006717152,0.5584294007830517,0.3450596702723929,0.09312119155183185,0.0008460475131981106,0.00026586992773763206,F
-0.06687916666666667,0.17369010753310365,0.030168253454861113,0.1861211336438957,3.4156198339460695,14.664966411491424,1.745,-0.61,1.135,-0.115,0.09,0.0987432361111111,0.0325,19,0.5378086419753085,0.3795880045934207,0.7058049554563463,0.7110526315789474,0.703125,6.642464555952488,9.056576291296662e-05,0.5462569489136418,0.36283378936155575,0.08780319348247514,0.0007780911364267852,0.0002482420789327404,F
-0.19583472222222223,0.18204369641786114,0.03313990740547839,0.26737828227687704,3.6123798727334253,16.233443621441104,1.785,-0.72,1.065,-0.245,0.08000000000000002,0.10083173688271604,0.0225,20,0.48260233918128653,0.26338107819887646,0.5457517645805257,0.7277499999999999,4.21875,7.100360082806239,0.00010540131784989013,0.5219903173341461,0.3750298532331463,0.09996884753297054,0.0009026882467352042,0.00026504307948860473,F
-0.1398472222222222,0.20005493410298736,0.04002197665895062,0.24408855405819876,2.4150155455703817,8.394566171661879,1.7,-0.71,0.99,-0.185,0.10999999999999999,0.12128062500000002,0.027777777777777776,20,0.5230994152046784,0.3074107062113407,0.5876716686656149,0.7459999999999999,2.8125,5.537427159932146,0.00016902484553569602,0.6408191364479411,0.2906661179967033,0.06597573884153113,0.0007991108641289248,0.0002514035575319622,F
-0.14925138888888886,0.1784915244588004,0.03185922430362654,0.23266972598275198,3.1333513072559525,12.489867595914863,1.65,-0.66,0.99,-0.19,0.10499999999999998,0.10659338811728396,0.020555555555555556,20,0.47938596491228064,0.2803293856900822,0.5847676115035567,0.6465000000000001,0.703125,6.183321876422695,9.13717440102619e-05,0.5907452190510472,0.32390277967098713,0.0820772473179894,0.0007480341761600444,0.00025728182323513066,F
-0.16315694444444445,0.16754874607971795,0.028072582312885803,0.2338648559175434,2.816182398956093,11.705467527285387,1.72,-0.755,0.965,-0.215,0.09,0.10075093827160493,0.024722222222222222,19,0.5489197530864198,0.32021128956747996,0.5833480900751391,0.6123684210526316,0.703125,5.121248950120229,0.00013529499397163676,0.6761114076147354,0.2623999199304623,0.05873569121016442,0.0006143789941650458,0.0002354016120066704,F
-0.1529263888888889,0.17165092605266555,0.029464040414737658,0.2298924114305066,2.9941541927094932,12.126952699707262,1.625,-0.68,0.945,-0.2,0.08499999999999999,0.10224320138888889,0.023333333333333334,19,0.5476851851851854,0.3161765890440556,0.5772962234447674,0.683421052631579,0.703125,5.705124873783218,0.00011391686297919494,0.627966067239865,0.299525722217981,0.0694780399324976,0.0006848499583217561,0.000250535019455253,F
-0.14838194444444447,0.17003553535984187,0.02891208328510803,0.2256751752457993,3.0848013982036306,13.083683477428586,1.6549999999999998,-0.695,0.96,-0.19,0.10499999999999998,0.10180491898148146,0.03194444444444444,19,0.5118827160493826,0.2842363447688343,0.5552763081405024,0.6836842105263157,3.515625,6.044052611851078,9.809569050425629e-05,0.6080750085808198,0.30906769690408376,0.0799198397118125,0.0007085023617671575,0.0002465258476931629,F
-0.1869763888888889,0.19066838795337224,0.03635443416473766,0.2670479435731844,2.20134823629381,7.7108391097378775,1.75,-0.905,0.845,-0.235,0.1,0.11753454706790123,0.02361111111111111,19,0.5353395061728395,0.2925835171405977,0.5465382505249562,0.7463157894736842,0.703125,5.379313022844386,0.00015786120029338629,0.6542011302759412,0.2786829411710947,0.0644180865253619,0.0007279174770769657,0.00024714424680377986,F
-0.1699277777777778,0.16791150217221093,0.028194272561728392,0.23889270022799405,3.0604701772416094,13.611957371498569,1.705,-0.75,0.955,-0.215,0.06999999999999998,0.09512258333333332,0.020277777777777777,19,0.5354938271604939,0.30534161359156836,0.5702056645744561,0.6405263157894737,0.703125,5.939093655400072,0.00010584548892021632,0.6088348216720249,0.30911501985538253,0.07901959221478697,0.000640796054459572,0.00023254585881045026,F
-0.14800833333333335,0.18356240972456447,0.033695158263888886,0.23579996819338206,2.8108839996120247,11.119618955793907,1.685,-0.73,0.955,-0.195,0.08500000000000002,0.1079671111111111,0.028055555555555556,19,0.5513888888888889,0.3106688462497943,0.5634296455915664,0.7557894736842105,0.703125,5.836806547884739,0.00012521476479773432,0.6064903495627907,0.3119697844933292,0.07868702821793266,0.0007808419005279244,0.00025374513618677046,F
-0.16343888888888888,0.18526030977125998,0.03432138237654321,0.2470498993680786,2.538949234738087,9.01543924343045,1.795,-0.825,0.97,-0.22,0.11000000000000001,0.11847924691358025,0.018055555555555554,20,0.5086257309941521,0.3150181450687901,0.619351570069136,0.6817499999999999,3.515625,6.472667297422373,7.665876698126933e-05,0.5776559713635521,0.332658626511774,0.08600179784110558,0.0006880869686023896,0.00024100194552529182,F
-0.14810138888888888,0.15906938387684752,0.025303068886959875,0.21734095398193543,3.41533136839479,16.32121793664379,1.7349999999999999,-0.78,0.955,-0.19,0.07,0.09178919675925926,0.017777777777777778,17,0.5546875,0.334705968297729,0.6034135766494269,0.6591176470588236,0.703125,6.271997956348397,7.70843927027401e-05,0.5803342307107956,0.3298647416990636,0.08622742025270752,0.0006451653237010281,0.0002427112284602557,F
-0.14131527777777778,0.18205619336997927,0.03314445754436729,0.230465757278121,2.7942314964703105,11.016394735231403,1.79,-0.795,0.995,-0.19,0.09,0.1078438788580247,0.021111111111111112,19,0.5455246913580247,0.30948530617806574,0.5673167705894953,0.7305263157894736,0.703125,6.227907135901854,0.00010363830242462446,0.5937031405207297,0.31637786045311633,0.08672080377721916,0.0007630313976104473,0.0002462826570316843,F
-0.19047361111111108,0.1867091971586471,0.034860324303626546,0.2667218041955575,2.8239623186195906,11.579610199398232,1.855,-0.91,0.945,-0.24,0.10500000000000001,0.11262255941358026,0.02277777777777778,21,0.45958333333333334,0.26928184526877785,0.585926045915745,0.7295238095238096,3.515625,6.515646097654919,0.00013746310088442556,0.5675698904289284,0.3394686317650081,0.09004528298205192,0.0008878160600166714,0.0002673082267926626,F
-0.20620555555555553,0.24956315605077745,0.062281768858024694,0.3237321423646407,3.1994355490852007,12.439991506546637,2.045,-0.64,1.405,-0.28,0.14,0.15027451851851853,0.021111111111111112,22,0.46825396825396826,0.249201504687856,0.5321930439096586,0.8795454545454546,0.703125,5.967701206419563,0.00043906129839352856,0.5885940266542156,0.35264472700730354,0.055656374229396795,0.001226173937204779,0.00043844496942745966,F
-0.1068486111111111,0.30643862558116103,0.09390463124807098,0.32453236655909135,1.2654970541518944,4.435383350706792,2.375,-0.755,1.62,-0.15,0.32,0.2188768063271605,0.025555555555555557,23,0.42588383838383836,0.29939307570350754,0.7029923390369938,0.8434782608695653,0.703125,5.693919559403578,0.00045268993958837796,0.6347238839584431,0.3062525054029976,0.05411385447432493,0.0011319185884968049,0.00048496386881600887,F
-0.16423472222222218,0.507758436293973,0.25781862962770064,0.5336587613926254,0.5155825970395754,1.3961902192289655,3.5650000000000004,-2.015,1.55,-0.235,0.5449999999999999,0.3774812893518519,0.017777777777777778,26,0.3857777777777778,0.17187118345930974,0.4455186207182568,1.375576923076923,2.8125,4.253651454620559,0.008645633676480746,0.736596066481702,0.25296549884837083,0.009039185446618522,0.002471429563767713,0.0006636464702612562,F
-0.2801416666666667,0.20820891468133101,0.04335095215277778,0.3490419825114961,4.192060259396037,20.064189086654398,1.825,-0.585,1.24,-0.31,0.10499999999999998,0.10183079166666667,0.05333333333333334,30,0.3342911877394636,0.0703003797422573,0.21029683796824244,0.8578333333333333,6.328125,12.003332972077258,0.00011626754724513101,0.23436403471528264,0.45616770828563075,0.3042494008074213,0.002765170880800222,0.0006164049471928849,F
-0.2595777777777778,0.22411617041058457,0.05022805783950618,0.34294122026311674,3.3655779473852108,15.011550037112219,1.835,-0.625,1.21,-0.3,0.18625,0.13452567901234566,0.03,29,0.34097222222222223,0.07175376536402354,0.21043874159713624,0.867241379310345,7.734375,12.223945810217218,0.00010943590549517764,0.223321025737615,0.45393681451817486,0.3174768096583422,0.0027925326479577663,0.0006146400778210117,F
-0.3011611111111111,0.1999001115526588,0.039960054598765435,0.3614665537009537,4.072869345067416,19.76642746121836,1.7399999999999998,-0.57,1.17,-0.335,0.10499999999999998,0.10293222222222223,0.0475,27,0.3719017094017093,0.11345374166396091,0.30506378109011045,0.8396296296296296,2.8125,11.510347593972181,9.357298540343937e-05,0.2471344195925,0.4687790732499528,0.2785799197789913,0.0022678799666574047,0.0005214563646470262,F
-0.3128916666666667,0.19370047592868736,0.03751987437499999,0.36799601824536693,3.0762187335057076,13.661132984565185,1.575,-0.6,0.975,-0.335,0.19,0.12118265277777777,0.03222222222222222,27,0.3576923076923077,0.11138669800983848,0.3114036718554624,0.7381481481481482,6.328125,11.595584547178994,5.717521848523696e-05,0.253956282228528,0.44916425182094594,0.29233529847875644,0.0018280216726868576,0.00043244858254585887,F
-0.2569680555555556,0.22451316549269992,0.050406161479552465,0.34123121641426,2.2023186863519038,8.778172211441788,1.88,-0.63,1.25,-0.275,0.265,0.15692760262345679,0.022222222222222223,27,0.368482905982906,0.10952918296289864,0.29724359307994525,0.7703703703703701,6.328125,11.484218793900723,6.695771377280436e-05,0.2650475309178988,0.44063724222000183,0.28934259728683615,0.0020003751041956096,0.00047506253474152303,F
-0.3179972222222222,0.18454509383603407,0.03405689165895062,0.36766713886340185,4.331649699203295,21.69488794800406,1.705,-0.625,1.08,-0.35,0.10000000000000003,0.09166868209876546,0.05,29,0.34067460317460313,0.073347515034275,0.2153008012654316,0.7789655172413793,2.8125,12.2823019838048,6.381638942105619e-05,0.22990606386423687,0.4438020167316231,0.31978411570191884,0.002284717977215893,0.0005408421345191774,F
-0.2954930555555555,0.20386964777795646,0.04156283328510803,0.35899718545786213,2.167329860370338,17.147741686153637,2.515,-1.615,0.9,-0.33,0.08000000000000002,0.09747275077160497,0.04472222222222222,27,0.3654914529914531,0.11555271270778603,0.31615708592367053,0.8142592592592592,1.40625,10.762149938284379,0.00014911970029228357,0.3755898177954202,0.3343621013574086,0.28455874304515966,0.0022742081133648234,0.0005431698165647582,F
-0.017359722222222224,0.4093980266330481,0.16760674421103394,0.40976591386627886,1.8418369799018917,5.22293776271467,3.035,-0.89,2.145,-0.09,0.225,0.25205089814814813,0.03888888888888889,31,0.32111111111111107,0.12505060703966078,0.38943095617887447,1.3029032258064517,3.515625,5.889265579417921,0.005016879643261735,0.6754054693991682,0.22881875099792773,0.09189901363704835,0.004552313142539594,0.0012070038910505837,F
-0.13421944444444445,0.43715348392847386,0.19110316851080247,0.45729424638604166,1.5797236264819463,3.8934530976029613,3.0,-1.005,1.995,-0.21,0.21499999999999997,0.2731638302469136,0.025277777777777777,26,0.37266666666666665,0.17312073857125493,0.4645458101196465,1.4436538461538464,2.109375,5.015797199079887,0.007843821271493688,0.7452740157280102,0.18600921563065295,0.06633448419499809,0.003509856904695749,0.0008430239021678712,F
-0.19664722222222225,0.48071767296761103,0.23108948110339503,0.5193838764450732,1.4923988013929386,3.0432572343822306,3.1350000000000002,-1.06,2.075,-0.265,0.235,0.3074205324074074,0.0325,21,0.43791666666666673,0.23592848329185492,0.5387520075170806,1.6785714285714286,2.109375,4.143148188331927,0.012096206893003288,0.810680045064437,0.15059251199306567,0.03729692019041666,0.0027213878855237563,0.0006415369649805447,F
-0.07365138888888888,0.515297373015776,0.26553138263695986,0.5205342541295647,1.4082668260955842,2.531833486798303,3.2,-0.955,2.245,-0.18,0.42624999999999996,0.3639474197530864,0.018055555555555554,25,0.4002314814814815,0.18948353543865484,0.47343486008964075,1.5921999999999996,2.109375,4.649822846533654,0.011193738915331332,0.7485566648810028,0.202604241998802,0.04717857191504243,0.0035450472353431503,0.0007813090605892163,F
-0.2411430555555555,0.3711489934897323,0.13775157536844135,0.4426076689474676,2.237221132551792,7.135997730509564,3.05,-0.98,2.07,-0.32,0.22000000000000003,0.22692632716049385,0.034722222222222224,33,0.3027777777777778,0.11415534547814468,0.3770268291021292,1.2487878787878788,2.109375,6.771061794701724,0.0027676815319899236,0.5906564022991097,0.29155481957449075,0.11395508059995639,0.004395457071408725,0.0010838660366870483,F
-0.13372638888888888,0.4632403640219428,0.2145916348591821,0.48215597263172466,2.0588752581520677,5.316732395969739,3.09,-0.94,2.15,-0.21,0.21500000000000002,0.28126505324074075,0.03,25,0.39837962962962964,0.1903992526998712,0.4779342078230352,1.6228,2.109375,5.62714954816736,0.0070100173763312495,0.6771356108325723,0.2491313674317046,0.07205978181689555,0.003907752153375937,0.000788736798221234,F
-0.17382638888888888,0.43373672457848317,0.188127546248071,0.46727204038142733,1.7690239790181004,4.409895285020435,3.0349999999999997,-1.025,2.01,-0.25,0.22500000000000003,0.2693732638888889,0.034444444444444444,29,0.3440476190476191,0.15281333331882424,0.44416332175713613,1.3782758620689655,2.109375,5.328401718783956,0.006995164698914738,0.7179191494148461,0.2072290229142296,0.0720744148282503,0.003851597666018338,0.0009913215675375208,F
-0.1648347222222222,0.3547000989332484,0.1258121601832562,0.39112996028600694,2.5396131397870825,8.349453582008438,2.725,-0.935,1.79,-0.25,0.175,0.20543777083333337,0.034444444444444444,35,0.2910130718954248,0.10213333292343542,0.3509578874179814,1.1304285714285716,3.515625,7.332841462979134,0.0018262045989338592,0.5715902919405801,0.2898824674350261,0.1340626412612557,0.004100715476521255,0.001015703168426904,F
-0.19779444444444444,0.45584879251326577,0.20779812163580244,0.49691122334768095,1.9115451680742226,4.541581119179926,3.09,-1.0,2.09,-0.285,0.22,0.28344275617283954,0.029722222222222223,27,0.3802350427350427,0.18908098408905769,0.49727395646911493,1.4459259259259256,2.109375,4.8980661806052,0.008573941959039951,0.7392841961900102,0.20573301022357166,0.05331600790894374,0.003569838844123368,0.0008018760422456921,F
-0.15393888888888888,0.43122920128767933,0.18595862404320987,0.4578818685595178,2.045238797160781,5.564039922054199,2.93,-0.935,1.995,-0.24,0.21000000000000002,0.26334674691358023,0.02638888888888889,28,0.3556584362139918,0.15941436869789627,0.4482232177447358,1.396964285714286,2.109375,5.379446122750523,0.006406588729559926,0.6983708115211418,0.231216099334954,0.06844047168645366,0.0036558141150319534,0.0008100611450806004,F
-0.15494166666666664,0.46647774084980015,0.21760148270833332,0.49153677662793227,1.9124387364656668,4.7290920243242764,3.185,-0.995,2.19,-0.25,0.23000000000000004,0.29112133333333334,0.02666666666666667,29,0.3517857142857142,0.15399803856080263,0.43776092179720555,1.453103448275862,2.109375,5.409760453943236,0.006828853032972687,0.6930821397393958,0.23532981696443736,0.06977392433469311,0.003885412614615171,0.0008162381878821567,F
-0.12301666666666668,0.42157737493318537,0.17772748305555555,0.43915894996382954,1.8195728185197502,4.590481469581189,2.88,-0.955,1.925,-0.2,0.21000000000000002,0.2584462314814815,0.02722222222222222,29,0.341765873015873,0.15296251843254116,0.447565220841804,1.2905172413793102,2.109375,5.372558600236413,0.006259548483605976,0.713697939769472,0.21485984154765353,0.0690116926925161,0.0034250833564879136,0.0008342204002223459,F
-0.07338472222222223,0.4764815002120935,0.22703462004436725,0.4820995099561915,1.603270706041181,3.271618164361575,2.9050000000000002,-0.92,1.985,-0.16,0.235,0.304739598765432,0.030555555555555555,25,0.3956018518518518,0.19696761843668625,0.49789357030221454,1.5596,2.109375,4.447345714691263,0.011988563649065358,0.7845943466075328,0.16930943628904996,0.04477824227848567,0.0032236037788274524,0.000685450250138966,F
-0.16042361111111111,0.39605466759059055,0.1568592997202932,0.4273114025183768,2.182749899467049,7.155931371795445,3.055,-1.02,2.035,-0.24,0.2,0.2340073186728395,0.03361111111111111,29,0.3409722222222223,0.1394287622402885,0.4089153108472819,1.3194827586206896,2.8125,5.9745384059232425,0.003781223123550168,0.6503526165034258,0.2591832830316876,0.0881344464196757,0.003864073353709364,0.0008677946081156198,F
-0.1390986111111111,0.38425487056591295,0.14765180555362653,0.4086566152244041,1.9554762082763841,5.569765281442608,2.75,-0.945,1.805,-0.22,0.275,0.24571839429012343,0.03305555555555555,32,0.3045698924731183,0.12451928350622168,0.4088364824740906,1.23125,2.109375,6.610228745427673,0.002958127122325475,0.6128171830648853,0.2737422846051991,0.10971898961531992,0.004084127535426507,0.0010228460255697612,F
-0.13521944444444445,0.4126122327584503,0.17024885462191358,0.434204045096056,1.8624830965773256,5.115775309618396,3.0650000000000004,-0.99,2.075,-0.195,0.29000000000000004,0.2617831049382716,0.049166666666666664,33,0.30625,0.11623805195469435,0.379552822709206,1.3557575757575757,2.109375,6.956491240642544,0.0032869689182084285,0.5991141349134369,0.272359729524371,0.12211122696636334,0.0053181369824951375,0.0015441703724291273,F
-0.0930375,0.4059040355721411,0.16475808609375,0.4164301412001778,1.6900095217608455,4.966907507128495,3.23,-1.04,2.19,-0.17,0.375,0.275449625,0.02,28,0.36440329218106987,0.16833023845950465,0.4619339124298096,1.2783928571428569,2.109375,5.927701329847517,0.0035561450241637376,0.6773879961201836,0.23148727631505306,0.08880795737054745,0.003579452625729369,0.000807851584213452,F
-0.13165277777777779,0.4607571865877775,0.21229718499228398,0.4791968686134008,1.7424383051090535,4.8566137855619935,3.4050000000000002,-1.12,2.285,-0.215,0.33499999999999996,0.29847412808641977,0.020833333333333332,25,0.40405092592592595,0.201594689173218,0.49893386263437506,1.5115999999999996,2.109375,5.4180083534990615,0.00658732472847274,0.7057240868163845,0.22036167974747128,0.07214129952690444,0.0037270839121978324,0.0007970608671484157,F
-0.22044027777777778,0.532309688777679,0.28335360476658955,0.5761488703740842,1.1625668300365846,2.256508644392282,3.45,-1.37,2.08,-0.28,0.41,0.36399713888888896,0.025555555555555557,24,0.3931159420289854,0.1883426129652372,0.47910194634475095,1.579375,2.109375,4.548655144403701,0.013468678772245607,0.7737756947504074,0.18192729765326993,0.04296345140854443,0.0034298138371769934,0.0007251181211784325,F
-0.22597777777777778,0.48086409728917007,0.2312302800617284,0.5313155711167432,1.8953693064330777,4.581994050587873,3.2699999999999996,-1.075,2.195,-0.315,0.2,0.2981072716049382,0.02638888888888889,22,0.45396825396825397,0.2361547912110668,0.5202011135068955,1.728181818181818,2.109375,4.882063005988826,0.010486058638653465,0.7328813514060634,0.21115917581735322,0.054692996045092666,0.0036925257015837736,0.0007470747637576431,F
-0.21559999999999999,0.47792773279835704,0.22841491777777775,0.5243074267810611,1.9596343572952362,4.984390454165944,3.27,-1.06,2.21,-0.305,0.24,0.29638000000000003,0.024722222222222222,25,0.39143518518518516,0.19160277495656539,0.48948786978850534,1.5682,2.109375,5.336516102941616,0.008227047648238568,0.7102875977709605,0.21940045586001303,0.06841447052421928,0.00404381772714643,0.0008436353529738744,F
-0.20703055555555555,0.5190146799034174,0.2693762379552469,0.558782505890162,1.6193467276955749,3.3847608180748168,3.48,-1.165,2.315,-0.29,0.325,0.33997563425925925,0.025555555555555557,22,0.4544973544973545,0.23532857592467263,0.5177776583208745,1.7379545454545458,2.109375,4.835293198142003,0.011925274592231444,0.7352414671450973,0.21357318953675958,0.04980927037037578,0.003389830508474576,0.0007106934408004447,F
-0.1293402777777778,0.4706872068699488,0.22154644671103396,0.4881345656339722,2.0087840983916476,5.034800063576128,3.185,-0.985,2.2,-0.22,0.23500000000000001,0.29093985339506173,0.028333333333333332,24,0.40905797101449265,0.21929720093937488,0.5361029890103408,1.590625,2.109375,5.095220784518234,0.00984226396877595,0.7179693718173729,0.22357184995218618,0.05696640132517805,0.0036732008891358714,0.0007452682045580878,F
-0.18184444444444448,0.49423212126627103,0.24426538969135803,0.5266239566015456,1.470336801415278,2.4518812903403093,2.9349999999999996,-1.015,1.92,-0.275,0.275,0.3295044938271605,0.02361111111111111,21,0.47833333333333333,0.236606669494718,0.4946480895359958,1.6180952380952376,2.109375,4.088427766685271,0.014341951905031361,0.8043174937596732,0.16200984966773532,0.03278185747366994,0.0025377535426507366,0.0005285783768760421,F
-0.1583875,0.5052830379647244,0.2553109484548611,0.5295257770978775,1.4176264374775682,2.1782583621924605,2.8449999999999998,-1.05,1.795,-0.24,0.35125,0.3387597777777777,0.02,20,0.4767543859649124,0.242873090284488,0.509430216972063,1.6877499999999999,2.109375,4.123726013265831,0.01323193325348417,0.8042162402191287,0.15839767515834494,0.03627351969753658,0.002575215337593776,0.0005710255697609783,F
-0.2993680555555555,0.49018425881566574,0.24028060759066358,0.5743708212276959,1.4670403228418554,2.5926306283234926,2.995,-1.16,1.835,-0.36,0.29500000000000004,0.31991216049382715,0.02722222222222222,21,0.4733333333333333,0.2401234250531573,0.5073030106756845,1.658095238095238,2.109375,3.994598043844656,0.014666528606615664,0.8135661190445449,0.15477074094587817,0.030763057524808415,0.0027340441789385937,0.0005918148971650916,F
-0.22888194444444443,0.5137392131407154,0.26392797911844135,0.5624188151290025,1.5052780616884514,2.4200997616414517,3.08,-1.14,1.94,-0.315,0.31625000000000003,0.3438144830246914,0.021666666666666667,22,0.4633597883597883,0.22846170879723224,0.49305467271112646,1.6772727272727272,2.109375,4.345567343812545,0.015383256011238048,0.7870747997324248,0.17309781505759433,0.03873954825174536,0.002928098082800778,0.0006188368538076708,F
-0.18863055555555555,0.4849278722537819,0.23515504128858025,0.5203234837846334,1.9009997965035512,4.013984689534084,3.045,-0.905,2.14,-0.28,0.23,0.3074977608024691,0.021666666666666667,26,0.3762222222222222,0.17681175034971064,0.46996625905120964,1.565,2.109375,5.4884764697568516,0.008717088191640965,0.6845173756483776,0.24061134396300515,0.0727682141075404,0.004064788830230619,0.0008978182323513062,F
-0.1902527777777778,0.4663696435626234,0.21750064443672837,0.5036831979418104,1.7062810629901974,3.22950109791865,3.045,-0.895,2.15,-0.29,0.23,0.3049044444444444,0.025,20,0.4542397660818714,0.23626563299565614,0.520134190437814,1.66025,2.109375,4.522389040334848,0.01178471721822438,0.7730407630073153,0.17927094277792527,0.04632207520411081,0.0026031883856626843,0.0006173082267926626,F
-0.15809444444444445,0.47993433517539347,0.23033696608024692,0.5053027008085791,1.814854443283978,3.677155200751268,2.94,-0.89,2.05,-0.255,0.21000000000000002,0.30919200925925927,0.02277777777777778,22,0.45582010582010585,0.2220715507095781,0.48719121397690374,1.6795454545454545,2.109375,4.485570983447577,0.012776095818094253,0.766855776048575,0.1906960150455978,0.041216861394449425,0.0031566476799110865,0.000692106725958866,F
-0.18091388888888887,0.5167299540017535,0.2670098453626543,0.5474848678781501,1.7264589961139003,3.1276212742787006,3.17,-1.03,2.14,-0.3,0.26625,0.34298964351851857,0.01861111111111111,22,0.46283068783068787,0.2145988632254273,0.4636660205728009,1.794090909090909,2.109375,4.641321639107628,0.012240881262189791,0.7549928965478567,0.1983866905536682,0.0453170588374203,0.0033666157265907198,0.0006854571984435796,F
-0.1894,0.4892780690863722,0.23939302888888883,0.5246574014429691,1.8408653781185913,3.804668010595929,2.9050000000000002,-0.935,1.97,-0.275,0.215,0.310565,0.019444444444444445,21,0.4594444444444445,0.20884271061681273,0.4545548719592054,1.710952380952381,2.109375,4.639205769942583,0.012950286827963044,0.7505123096620047,0.2051663051766044,0.0430747782112991,0.002994790219505418,0.0006570455808782657,F
-0.17230138888888888,0.501798932728,0.2518021688869599,0.5305562529082095,1.7134020028348387,3.333938059514236,3.195,-0.985,2.21,-0.265,0.26,0.32547836728395063,0.021944444444444444,23,0.45088383838383844,0.2141959398492256,0.4750579231604219,1.6856521739130432,2.109375,4.490995792524516,0.01292874633378894,0.7644312469928635,0.19523245136613146,0.03912787619285717,0.0035125382050569605,0.0007197192884936075,F
-0.19364583333333332,0.4815429551156654,0.23188361762152776,0.5190205452473813,1.9923186966089013,4.713301183968093,3.075,-0.925,2.15,-0.28,0.27,0.3063013310185185,0.03027777777777778,24,0.403743961352657,0.20984493274050742,0.5197475450467848,1.6185416666666665,2.109375,5.163211837500603,0.009308836625936106,0.7060290291411383,0.2357487519407835,0.05661038971809399,0.003589983328702417,0.000746435519733185,F
-0.1911375,0.4523139172133233,0.20458787970486111,0.491041162847995,2.278937644919635,6.337131285556437,3.12,-0.905,2.215,-0.29,0.21,0.27691035416666665,0.021111111111111112,26,0.37933333333333336,0.1948600003928113,0.5136906864485359,1.5878846153846156,2.109375,5.781934985661092,0.006458498734105523,0.6622810728122367,0.25954394112073803,0.07645109433904493,0.004329383161989442,0.0008629585881045026,F
-0.13901249999999998,0.46002273930435583,0.21162092067708335,0.4805677848476043,1.5659987307182837,4.0748880539843135,3.4050000000000002,-1.135,2.27,-0.205,0.32499999999999996,0.2974011111111111,0.034444444444444444,30,0.335249042145594,0.1656708813142186,0.4941725716915547,1.2356666666666667,2.109375,5.452013771358756,0.006323389495998989,0.6974482664617597,0.22765838962368665,0.07177970078866634,0.003750118088357877,0.0010272095608671484,F
-0.13429722222222223,0.38918351925402833,0.15146381165895062,0.4117032372420158,2.829496839606569,9.207704776242483,3.0300000000000002,-0.8,2.23,-0.23,0.185,0.22643464506172842,0.02666666666666667,33,0.2953125,0.12189317587638564,0.4127599606396128,1.2786363636363638,3.515625,7.733040017227922,0.002266779634865313,0.5064842526761902,0.3517563783430817,0.13854688447265762,0.004791372603500973,0.0010217898832684824,F
-0.17238055555555554,0.4161561868387106,0.1731859718441358,0.4504453660298636,2.1968670456002433,6.208951782035555,3.055,-0.935,2.12,-0.27,0.195,0.25512303858024693,0.030555555555555555,29,0.327281746031746,0.13765934644354993,0.4206141898002375,1.347758620689655,2.109375,6.023049709467777,0.005068604808448044,0.6488823035083162,0.2612984548501723,0.08755214087032927,0.004085301472631286,0.0008816634241245136,F
-0.1824125,0.44132360023176614,0.19476652012152776,0.4775362188125397,1.8855265179909315,4.601591073539968,2.965,-0.995,1.97,-0.275,0.26,0.28284273611111116,0.02638888888888889,28,0.3619341563786008,0.18209115094168057,0.5031057382470537,1.40375,2.109375,5.652942569898079,0.004855210204973671,0.6921467226039251,0.2270165927312568,0.0785265835647512,0.0038295915532092248,0.0008614716509171764,F
-0.23319166666666666,0.47088909043012567,0.22173653548611108,0.5254663537172375,1.7493364470722155,3.4651004498335025,3.01,-1.0,2.01,-0.33,0.29500000000000004,0.3120061481481481,0.019444444444444445,22,0.438095238095238,0.21479510296090057,0.4902931698020558,1.650227272727273,2.109375,4.927448918389659,0.008570502759654198,0.7303134194691651,0.2166946552363442,0.0515505277314878,0.0030465545984995836,0.0006543982768204558,F
-0.25993750000000004,0.47423035920715784,0.22489443359374997,0.5407975013810622,2.0154864295686044,4.781909687638523,3.13,-1.01,2.12,-0.375,0.27,0.3061534722222223,0.026111111111111113,26,0.3846666666666667,0.20706073540907785,0.5382861405781919,1.5423076923076926,2.109375,5.321764979417736,0.008020365051440423,0.6971104333061973,0.23805465929520878,0.0631004392477236,0.003905036121144762,0.0008104919399666481,F
-0.24254583333333332,0.4745110326657619,0.22516072012152777,0.5329063720663217,2.002539797896448,4.676296636090156,3.0949999999999998,-1.025,2.07,-0.325,0.255,0.3011553680555556,0.022222222222222223,24,0.3951690821256039,0.21095248520466878,0.5338284161047241,1.5972916666666668,2.109375,5.220261903693241,0.0083941711623126,0.700176450765835,0.2397329298195262,0.0586597766334893,0.003483030008335649,0.0007239021678710393,F
-0.1259972222222222,0.45859375025185606,0.21030822777006172,0.47558756057930884,2.0647869746772054,5.222641982188973,3.1799999999999997,-0.88,2.3,-0.225,0.23500000000000001,0.28702557253086425,0.028055555555555556,26,0.38266666666666665,0.202842881481952,0.5300772164162509,1.5605769230769229,2.109375,5.452430267354451,0.007747351791445065,0.6956772550886597,0.23231910733667843,0.07049148005124868,0.004137336760211169,0.000835839355197332,F
-0.07098333333333333,0.4960911427796756,0.24610642194444446,0.5011437473974464,1.7938127857245658,3.499079180443502,2.99,-0.845,2.145,-0.16,0.255,0.32182343518518514,0.021388888888888888,21,0.46416666666666667,0.21693163996926101,0.4673572135783002,1.7602380952380954,2.109375,4.626739498373366,0.011882352177279093,0.756863628355658,0.19933466180954218,0.0424451477593839,0.0031464156710197277,0.0006702473596442468,F
-0.055294444444444445,0.47256379283909294,0.22331653830246914,0.475787782408175,1.8292056007912003,3.883823099560412,3.035,-0.83,2.205,-0.155,0.23,0.30511309876543213,0.023055555555555555,22,0.4537037037037037,0.23732776070319275,0.523089758284588,1.6468181818181817,2.109375,4.622069456533182,0.0118898066559735,0.7520397713246935,0.20198513552908284,0.044638253889335774,0.003254730480689081,0.0007194760978321289,F
-0.10947777777777778,0.4626564204623791,0.2140509633950617,0.4754327999015447,2.250610899672967,6.040500566035897,3.065,-0.85,2.215,-0.21,0.215,0.2870474382716049,0.023055555555555555,27,0.37895299145299155,0.2185434998414733,0.5767034560237354,1.464814814814815,2.109375,5.549589661451087,0.006852093459776261,0.6758944781081582,0.25635231979666423,0.0660151968918472,0.0039055848846901915,0.0007838173985547526,F
-0.10306666666666665,0.4776539437710109,0.22815329,0.488647140355674,1.948660169642958,4.287738542535334,3.125,-0.83,2.295,-0.205,0.205,0.3062304074074074,0.022222222222222223,24,0.41219806763285016,0.24189178133434655,0.5868338556836771,1.5766666666666664,2.109375,5.237104279776589,0.008164815016349327,0.7147945315157911,0.22111300223204775,0.0624851254149407,0.003449284523478744,0.0007166967759866592,F
-0.25847777777777775,0.17481665651493775,0.030560863395061727,0.31204426769290283,2.2079815288803966,8.800342693077116,1.63,-0.735,0.895,-0.295,0.145,0.11564614814814815,0.025833333333333333,24,0.404951690821256,0.08278384263414112,0.2044289343903038,0.8179166666666666,3.515625,8.763704314301906,0.00013366791585951422,0.5530776160072713,0.2850390095820976,0.12508605856367844,0.001778757988330092,0.0011365689271817677,Q
-0.2586597222222222,0.177330637635935,0.03144615504436729,0.31360964102598066,2.094975144199612,7.824027230845234,1.6400000000000001,-0.74,0.9,-0.3,0.15,0.11954035108024691,0.03138888888888889,24,0.4138888888888888,0.07347483055194944,0.1775230805282,0.7954166666666667,3.515625,8.623252293830058,0.00011918061945768673,0.5800183423581838,0.26364405660425255,0.11931028457123954,0.0017297791053070297,0.0011601375764313507,Q
-0.28228194444444443,0.1781570225222596,0.031739924673996917,0.33380087003082143,2.258909196691493,8.051587295571249,1.6099999999999999,-0.67,0.94,-0.32,0.15,0.11890398148148147,0.03222222222222222,24,0.4083333333333334,0.06784387368800586,0.16614826209307557,0.7697916666666668,2.8125,8.405041058511085,0.00012318066761110474,0.5945171779850844,0.25382065974684065,0.11556561135827037,0.0017530494581828285,0.001152876598110061,Q
-0.25273888888888885,0.18130682600034945,0.03287216515432099,0.31104519142901266,2.168753258472792,7.335504944434021,1.5899999999999999,-0.705,0.885,-0.295,0.15,0.12225804012345681,0.024166666666666666,25,0.4133101851851852,0.0663959548321485,0.16064437125448416,0.7626000000000001,2.109375,8.082889838552102,0.00013910168186323014,0.6269685070693095,0.22756151632037822,0.1125290880988762,0.0018317379827729927,0.0011701500833796552,Q
-0.3137416666666667,0.19143703617493782,0.03664813881944445,0.36753499455456246,1.9033156994158396,6.561038726696552,1.715,-0.8,0.915,-0.345,0.185,0.13253468518518519,0.02638888888888889,24,0.4196859903381643,0.07054877027873004,0.16809894040514667,0.8075,3.515625,8.160237911499562,0.00016015916739164216,0.606908388079518,0.24861034774129806,0.11141720890210136,0.0018211933870519589,0.0011432184546970542,Q
-0.27395277777777777,0.20278142445351116,0.04112030610339505,0.34083783615607516,1.690885041697983,4.924985105094002,1.675,-0.745,0.93,-0.315,0.21000000000000002,0.14718531172839505,0.021666666666666667,24,0.41582125603864734,0.05874558024402908,0.1412760396225852,0.8072916666666666,2.109375,7.817540557779105,0.00018650393480586043,0.6352133795076336,0.22779422595798082,0.10468611859724061,0.0017997429841622675,0.0011371247915508617,Q
-0.28233888888888886,0.22073375525704386,0.048723390709876545,0.3583833685997285,1.6055867880639996,4.24691056921684,1.645,-0.71,0.935,-0.325,0.22999999999999998,0.15934996913580246,0.02388888888888889,23,0.43345959595959604,0.1038690268673642,0.23962793265060423,0.832391304347826,2.109375,7.159719503085471,0.00025352546881275825,0.6998925026569729,0.1744350439014998,0.09724282641212881,0.0018676368435676576,0.0011437534741523068,Q
-0.2545,0.18986157238015983,0.036047416666666665,0.31751797849360697,2.1711411399966143,6.833856621618084,1.625,-0.73,0.895,-0.29,0.12999999999999998,0.12284833333333334,0.03111111111111111,24,0.41123188405797095,0.046527846354189606,0.11314260435027607,0.7520833333333333,2.109375,7.295064263038848,0.0002801132613335981,0.6733564307790418,0.20325215529035576,0.09347011534445353,0.0017818838566268408,0.0011694483046136744,Q
-0.2641236111111111,0.1867879144861117,0.034889724998070984,0.3234980787337762,2.3105449481073306,7.060759579931263,1.56,-0.67,0.89,-0.31,0.10499999999999998,0.11949744984567903,0.029444444444444443,24,0.40893719806763285,0.060431866996402774,0.1477778673154799,0.7397916666666667,2.8125,7.487943449846015,0.00023610251912717603,0.6847569127763871,0.1836698080926405,0.10129807570660546,0.0017417338149485968,0.0011242843246247916,Q
-0.22294166666666665,0.19754426209361564,0.03902373548611111,0.2978703110788691,2.0377602403775565,6.485215346308317,1.755,-0.715,1.04,-0.27,0.15500000000000003,0.13248989351851853,0.030555555555555555,24,0.4130434782608696,0.0518215872709342,0.12546279023489332,0.8058333333333333,2.109375,7.478587948994629,0.0002590461313564142,0.6711687620611471,0.2003387370879846,0.09887518092519054,0.0018679285912753545,0.0011851862145636463,Q
-0.25975,0.19213462800280895,0.036915715277777775,0.32308787934210376,2.3457043356874943,7.725161394337924,1.65,-0.72,0.93,-0.31,0.12999999999999998,0.12448680555555557,0.030833333333333334,24,0.40990338164251205,0.052024410063508324,0.12691871400290186,0.7952083333333334,2.109375,7.8042911609306405,0.00020203844644943125,0.651723156305403,0.2122967562965205,0.1055133356454953,0.0019174701305918313,0.0011923846581434131,Q
-0.23725694444444445,0.1945775961512448,0.037860440923996916,0.30684083595752226,2.2500311637719514,6.627062772813007,1.575,-0.635,0.94,-0.29,0.13500000000000004,0.1285129822530864,0.03305555555555555,24,0.4130434782608695,0.05066277571222101,0.12265724646116667,0.7825000000000001,2.109375,7.2285793129896865,0.00024313064161017453,0.696668667107702,0.18090131927983974,0.09523504759738302,0.0018149555432064462,0.0011271817676486938,Q
-0.26940138888888887,0.18344817236079358,0.03365323194251543,0.3259299622277427,2.1405997728757282,6.648877447361457,1.425,-0.63,0.795,-0.315,0.125,0.12224357098765432,0.03111111111111111,24,0.41908212560386476,0.06290891111420706,0.1501111769526324,0.7545833333333333,2.109375,7.49843687426843,0.00020955458784269556,0.6639366114639735,0.20347047723616155,0.10575901776524331,0.0015888302306196163,0.0009661548082267928,Q
-0.2583916666666667,0.19312545415264834,0.03729744104166667,0.3225890488600697,2.1792515749150025,7.0537809931691235,1.5750000000000002,-0.665,0.91,-0.29,0.17,0.12780734722222223,0.03611111111111111,24,0.41352657004830917,0.06051146484566741,0.14633029466183592,0.7614583333333332,2.109375,7.8484960576658915,0.00020236662003936083,0.6587626084028414,0.19651350609269175,0.11430082481290312,0.0017601139205334815,0.001059255141745414,Q
-0.2213013888888889,0.1966005029898163,0.03865175777584877,0.2960169969782141,2.0776159943570733,6.408684879350915,1.52,-0.535,0.985,-0.255,0.15000000000000002,0.1307540100308642,0.03666666666666667,24,0.4143719806763284,0.04868543093019159,0.11749209213115315,0.7747916666666667,2.109375,7.315356221631769,0.00029046163558157614,0.6960007661958114,0.1745544157921437,0.09850476464282298,0.001824715198666296,0.0011750833796553642,Q
-0.26201111111111114,0.18912987127864425,0.03577010820987654,0.32314072871669325,2.2916974759817315,7.319043927574802,1.545,-0.625,0.92,-0.3,0.12999999999999998,0.12232187037037036,0.035555555555555556,24,0.4179951690821256,0.05459845591556403,0.1306198251895031,0.7664583333333335,2.109375,7.516940727729289,0.00024625551896145656,0.6803402766393701,0.1888855561906343,0.09913855378138504,0.001826021116976938,0.0011889799888827129,Q
-0.24173611111111112,0.2016633948119955,0.04066812480709877,0.31480862793484904,2.0010165002194102,5.807297575370445,1.63,-0.63,1.0,-0.285,0.15499999999999997,0.13577461419753087,0.024166666666666666,24,0.39516908212560375,0.08605155097492889,0.21775881481430667,0.7641666666666667,2.109375,7.074592596940739,0.00034120081405217804,0.7082276235390895,0.17026097157558975,0.09385105576033922,0.0018006112809113644,0.0011584213451917731,Q
-0.26887500000000003,0.1810086275951754,0.03276412326388889,0.3241263471069405,2.3071490566342936,8.297597167434498,1.54,-0.66,0.88,-0.305,0.12999999999999998,0.11679861111111112,0.03194444444444444,24,0.4101449275362319,0.04314688533609001,0.10519911972403571,0.7739583333333333,2.109375,8.079212261114604,0.00021604527867875623,0.6280051078525078,0.2249887835184892,0.1129538791789189,0.0017940816893581549,0.0011571845469705393,Q
-0.2434208333333333,0.19383118187219575,0.03757052706597223,0.3111659190314175,2.0186080601617182,5.208974065204103,1.395,-0.565,0.83,-0.285,0.13124999999999998,0.1283899166666667,0.028333333333333332,21,0.47763888888888884,0.1589424807638223,0.33276704318101796,0.7721428571428571,2.109375,6.515952120838348,0.00028796424012616123,0.7624724700316806,0.12820161370014233,0.08364014047650117,0.0015821200333425954,0.0010317537520844913,Q
-0.2062888888888889,0.17894317033593804,0.03202065820987654,0.273085634717187,2.217523108766644,7.717972224783047,1.5550000000000002,-0.645,0.91,-0.245,0.125,0.11487396296296297,0.041666666666666664,24,0.41171497584541056,0.04541480348775505,0.11030641621549189,0.7549999999999999,2.109375,7.789842111054479,0.00016201471719206492,0.6248091391492696,0.24227340642208828,0.10334084913953553,0.0016410322311753264,0.0010528557531962201,Q
-0.27141944444444444,0.21198381531439356,0.04493713795524692,0.34439171415377834,2.0564067415946137,5.384416018872004,1.54,-0.58,0.96,-0.325,0.135,0.1421739814814815,0.024722222222222222,22,0.43253968253968256,0.10160073489225281,0.2348934421362175,0.8304545454545454,2.109375,6.458940966491683,0.0004578310558188958,0.7676144487757268,0.12050064414376005,0.08736261791302322,0.0018756251736593498,0.0011587409672040023,Q
-0.1959222222222222,0.2011049948425381,0.04044321895061728,0.28076455636549125,2.0690058656440105,6.352607439062265,1.6199999999999999,-0.605,1.015,-0.24,0.15,0.1313415864197531,0.03722222222222222,21,0.47569444444444436,0.16817345497072397,0.3535325184786023,0.87,2.109375,7.5102115360266675,0.0002327362718702337,0.6609914675915833,0.20740461758858253,0.10352376200179517,0.0018325507085301472,0.0011098318510283488,Q
-0.2889152777777778,0.20040156849555443,0.0401607886554784,0.3516145992260402,2.202092306876414,6.227483713361387,1.52,-0.64,0.88,-0.335,0.125,0.1296638186728395,0.030833333333333334,25,0.412962962962963,0.061565371147701074,0.14908206466259452,0.7537999999999999,2.109375,7.278027413184425,0.00023780856690502916,0.6885934294664064,0.1857164548679876,0.0973214555028017,0.0019369060850236177,0.001223658977209561,Q
-0.21837638888888888,0.18265205613182156,0.0333617736091821,0.2846928534988775,2.30952588621687,7.2645419201153185,1.4849999999999999,-0.59,0.895,-0.26,0.12,0.11708941512345679,0.03972222222222222,25,0.40381944444444445,0.0676186490555888,0.1674477293895922,0.7207999999999999,2.109375,7.791923702892977,0.00015571377736322946,0.6545479470217166,0.20781801022114002,0.10327628851902357,0.001778188385662684,0.0011848943857698721,Q
-0.2732777777777778,0.18405047029900237,0.03387457561728395,0.3294773428392982,2.3308838451141334,7.542658843009036,1.5150000000000001,-0.66,0.855,-0.31,0.12,0.11776953703703703,0.03222222222222222,24,0.41932367149758454,0.056682283658800146,0.13517549213561786,0.7427083333333334,2.109375,7.321343866033576,0.00023916743935845078,0.6943126857307607,0.17584218510040547,0.1004492572591508,0.0017367810502917475,0.001116662034463591,Q
-0.22960972222222223,0.19502469691164345,0.03803463240547839,0.30125613179559424,2.3255338548421594,7.3023780658101565,1.5,-0.555,0.945,-0.27,0.13,0.12504818904320988,0.034444444444444444,24,0.41473429951690816,0.048504436318737146,0.11695303806614549,0.7762500000000001,2.109375,7.678582376776934,0.0002702294843658339,0.6711975612824892,0.19151174799355725,0.10521877204988432,0.0019155876632397887,0.0012196359088382433,Q
-0.26941388888888884,0.19081827692099823,0.036411614807098765,0.3301446021568933,2.2024769852941306,7.360447193015011,1.605,-0.68,0.925,-0.3,0.135,0.12312533487654322,0.041666666666666664,25,0.41238425925925926,0.04933964110457074,0.11964482153900959,0.7536000000000002,2.8125,7.724718728786167,0.0002443165538684733,0.6614145283986894,0.20177153776899376,0.10429835269074042,0.0018914629063628786,0.0012210394663702056,Q
-0.26648055555555555,0.19105984274776966,0.03650386351080247,0.32789594386024357,2.134622199905654,6.6755935156769866,1.595,-0.695,0.9,-0.31,0.13999999999999999,0.12563791203703703,0.04055555555555555,23,0.4172979797979799,0.047591631581531055,0.11404711713335125,0.7915217391304347,2.109375,7.4583405159931315,0.00022613448873096568,0.6772003337179855,0.19559189160019091,0.09726569786562404,0.0017897054737427065,0.0011552042801556421,Q
-0.29509166666666664,0.18967971524388158,0.035978394375,0.35079550469056914,2.038559598062713,5.860245692852079,1.5350000000000001,-0.73,0.805,-0.34,0.14,0.12594481944444447,0.03194444444444444,23,0.4123737373737374,0.05185752242813428,0.1257536979886171,0.7536956521739131,2.109375,7.189049642040139,0.0002574449625800179,0.6893118606860993,0.1889222923203347,0.09460060412514348,0.0016076687968880246,0.0010219288493607558,Q
-0.2609986111111111,0.1813135597315199,0.032874606942515434,0.3177969193438547,2.310484039814397,7.3717313440682215,1.4849999999999999,-0.65,0.835,-0.295,0.12499999999999997,0.11689294830246914,0.03833333333333333,24,0.4095410628019323,0.05644710998639557,0.13783015944776036,0.7235416666666667,2.8125,7.444298131739966,0.00023321167779041054,0.6794595786361274,0.18980413082467112,0.1015654140059629,0.001603250903028619,0.0010067120622568092,Q
-0.3037638888888889,0.18616562168130735,0.034657638695987654,0.35627256263833856,2.3158031377889303,7.591571968657597,1.5699999999999998,-0.735,0.835,-0.345,0.135,0.12103413580246913,0.025,24,0.41304347826086957,0.05777240535344299,0.13987003401359882,0.7541666666666668,2.8125,7.771290438120696,0.0002092649337879563,0.6572041001029583,0.19994611598684225,0.11239769215082111,0.001722832731314254,0.0010701431350750416,Q
-0.28591805555555555,0.19715507209243865,0.03887012245177469,0.34730283175413995,2.1824869600022505,6.524357171536918,1.59,-0.66,0.93,-0.325,0.15500000000000003,0.12900315972222223,0.04388888888888889,24,0.41014492753623183,0.0551288485830219,0.13441309371832197,0.7602083333333334,2.109375,6.927200311008527,0.0003012517302922816,0.7160239294870334,0.16767278390910398,0.08878853804730509,0.0018355932203389831,0.0011998888271261812,Q
-0.2604944444444444,0.19505969163942902,0.038048283302469135,0.3254314657326315,2.257059654851302,7.334570233327774,1.655,-0.735,0.92,-0.3,0.13999999999999999,0.1264260864197531,0.034166666666666665,25,0.4103009259259259,0.05689631642020359,0.13866972464613797,0.7909999999999999,2.109375,7.6607195383845,0.00022928569725219828,0.6417652723878455,0.22479632307267472,0.1021270192362597,0.0020133648235621006,0.0012570038910505838,Q
-0.23478472222222224,0.19470401907605114,0.03790965504436729,0.3050139682593788,2.2231629634794596,7.019338269663978,1.56,-0.625,0.935,-0.275,0.135,0.1277726697530864,0.029444444444444443,24,0.41787439613526567,0.04969597644123192,0.11892563148364171,0.7652083333333334,2.109375,7.348509670532687,0.00028570148056211833,0.6898177208509465,0.17996164433551415,0.10041206017355495,0.0018941233676021117,0.0012007295719844357,Q
-0.23858333333333331,0.19548850847158367,0.03821575694444444,0.30844410172491366,2.1446652559732584,6.198946865651884,1.5150000000000001,-0.615,0.9,-0.28,0.13999999999999999,0.1279601388888889,0.035833333333333335,25,0.4104166666666667,0.049458552398445654,0.12050814797590818,0.7323999999999999,2.109375,7.45018638049528,0.00023611860296817998,0.6863614663362707,0.1822109258936249,0.10170435731720615,0.0017516046123923312,0.0011154738743746524,Q
-0.22623472222222224,0.19472928977009926,0.037919496294367284,0.29849898799381774,2.289347872646446,7.463712601137063,1.56,-0.58,0.98,-0.27,0.13,0.1255863510802469,0.03333333333333333,24,0.4130434782608696,0.04783584539101556,0.11581309936772187,0.7739583333333333,2.109375,7.454756803701971,0.00023399503826892302,0.6898049477868522,0.1749098991407214,0.10604691203725945,0.0018532370102806335,0.0011422248471372983,Q
-0.24311666666666668,0.19339918490578553,0.03740324472222222,0.31065890995323686,2.3379614051809114,7.413358770066436,1.5099999999999998,-0.57,0.94,-0.29,0.13499999999999998,0.12581320370370372,0.029444444444444443,24,0.41859903381642516,0.05058988311799148,0.12085523145325142,0.7602083333333333,2.109375,7.310309084693672,0.0002593299261188639,0.6977633782123693,0.16968233028881677,0.10407346993920587,0.0017821686579605448,0.0011186492495831018,Q
-0.2344513888888889,0.20176498394932404,0.04070910874807099,0.3093162823066383,2.2869066583038378,7.018574917602736,1.595,-0.565,1.03,-0.265,0.15999999999999998,0.13070429398148148,0.03638888888888889,24,0.4146135265700483,0.05965670145523261,0.14388508244955608,0.7754166666666666,2.109375,7.429452802281124,0.00032636738133375254,0.6969789106001365,0.16947785304783675,0.10244136457570417,0.001913052236732426,0.0012293010005558645,Q
-0.2575513888888889,0.18075950143542135,0.0326739973591821,0.3146533255469864,2.3079288874377992,7.673899769410411,1.54,-0.655,0.885,-0.29,0.12999999999999998,0.11636317901234568,0.03861111111111111,24,0.4091787439613526,0.053734868687486746,0.1313237050567858,0.7410416666666667,2.109375,7.875102479194428,0.00020471957853829444,0.6394666573220539,0.2191159156963827,0.10775344072061048,0.0017081689358155044,0.001121970539188438,Q
-0.24211666666666667,0.1820944664788643,0.03315839472222223,0.3029502847003118,2.0385667120509527,6.429928927590863,1.4449999999999998,-0.585,0.86,-0.275,0.14499999999999996,0.12128523148148149,0.03611111111111111,24,0.4144927536231883,0.0553132185670071,0.1334479748644577,0.7204166666666666,2.109375,7.301265589629988,0.0001890866386061649,0.6891489333985612,0.18389470009164186,0.09757177416332462,0.0015649624895804392,0.0010149666481378545,Q
-0.23129444444444447,0.2016182916421309,0.04064993552469136,0.30683392178107616,2.021175519077621,6.070994184001368,1.62,-0.66,0.96,-0.265,0.15999999999999998,0.13359438271604937,0.035555555555555556,24,0.41171497584541056,0.04327380807064482,0.10510622787472548,0.7512500000000001,2.109375,7.037541190787968,0.00029517961573603303,0.6898816993378534,0.18895090894039387,0.09494476974358829,0.0017238121700472355,0.0010594774874930516,Q
-0.2801513888888889,0.20048582832505168,0.0401945673591821,0.34449871996214376,2.0588674428080003,6.338690091994636,1.6600000000000001,-0.73,0.93,-0.315,0.16000000000000003,0.1324514236111111,0.0325,24,0.40893719806763285,0.05068609071359828,0.1239459040486101,0.7725,2.109375,7.243997214773328,0.0003089205015860943,0.6943604902174183,0.17782792040075346,0.09963405456757536,0.0018102111697693806,0.001116050583657588,Q
-0.26413472222222223,0.199436309563091,0.039774841572145066,0.3309712873582172,2.108973872551582,6.884968163383405,1.6099999999999999,-0.635,0.975,-0.3,0.15,0.13069441820987654,0.03777777777777778,24,0.41388888888888886,0.05663800544477367,0.13684350308804377,0.7825000000000001,2.109375,7.582297761616278,0.00024923151206489107,0.6609582041274457,0.20394115893247933,0.10594004113415985,0.0018919977771603225,0.0011645566981656477,Q
-0.28614999999999996,0.19687678676437875,0.038760469166666665,0.3473359924722266,2.428541277770621,8.236967516545695,1.615,-0.675,0.94,-0.33,0.13,0.12435305555555556,0.027777777777777776,24,0.41002415458937197,0.056238192119247334,0.13715824175180205,0.7991666666666667,2.109375,7.532609187312187,0.0002666743498250498,0.6816650252449933,0.1832394434339537,0.10413672713853203,0.002056050291747708,0.001302668148971651,Q
-0.23610694444444444,0.18419898949112742,0.033929267729552466,0.2994591072992178,2.343269575364645,7.456213718528645,1.505,-0.62,0.885,-0.275,0.12000000000000002,0.11864175694444444,0.03277777777777778,25,0.41134259259259265,0.05289896337158935,0.12860074381838266,0.7561999999999999,2.109375,7.762769313024439,0.00016970653066702296,0.6647615632159386,0.19870615294351274,0.10176280358351597,0.0019212072797999446,0.0013027862701500837,Q
-0.25830555555555557,0.18531951678781472,0.03434332330246914,0.3179073502348339,2.2964578028723786,7.755973171803355,1.63,-0.61,1.02,-0.295,0.13499999999999998,0.11932520061728395,0.03333333333333333,24,0.41727053140096615,0.05071255894835782,0.12153400523658547,0.7341666666666667,2.109375,7.856676530860391,0.00017264830448274164,0.6558954610280555,0.2028331479740877,0.10559025439118869,0.0017694637399277575,0.0011948929961089494,Q
-0.22783749999999997,0.1888399821847264,0.03566053887152778,0.2959230732433309,2.1292264587675067,6.862968299584885,1.5350000000000001,-0.615,0.92,-0.255,0.135,0.12113954166666667,0.04111111111111111,24,0.4079710144927536,0.04763111088337352,0.1167512131777184,0.7433333333333333,2.109375,7.358507145597013,0.0002658746719975319,0.6616513833982393,0.2094008126294272,0.09956324914115029,0.0016966379549874964,0.0010857142857142856,Q
-0.2637555555555556,0.20204253876136033,0.040821187469135795,0.3322471678668692,2.0026174337415132,5.866864315719505,1.55,-0.645,0.905,-0.295,0.155,0.1329805802469136,0.03194444444444444,25,0.3972222222222223,0.07418539089485357,0.18676042463040055,0.7312000000000001,2.109375,6.81437028045316,0.0003151714456540479,0.69982578310163,0.18605270185922682,0.08863294492539643,0.0017215962767435401,0.0010644524735964425,Q
-0.25288055555555555,0.19273778865979846,0.03714785517746914,0.31795664886200375,2.3249208472684204,7.52919367600259,1.51,-0.615,0.895,-0.29,0.11999999999999997,0.12116958333333333,0.041666666666666664,24,0.4096618357487922,0.04738087560750928,0.11565850531550026,0.7641666666666667,2.109375,7.067222613175218,0.00028355759585263154,0.6911691623396993,0.1864597513744642,0.09706074077390005,0.001770248680188941,0.0010717620900500275,Q
-0.2954638888888889,0.18671850121503134,0.03486379869598766,0.34951782262616216,2.3105571264279874,7.333221391876419,1.595,-0.695,0.9,-0.335,0.12,0.11934359567901233,0.03722222222222222,24,0.4107487922705313,0.05040965002095229,0.12272622821919585,0.7410416666666668,2.109375,7.30931356197818,0.00024107835124581443,0.6681545911009481,0.20549488620144613,0.09923366132595905,0.0016446165601555988,0.0010161200667037243,Q
-0.24891944444444444,0.17759832694320263,0.03154116573302469,0.3057810582026878,2.3377906263495145,7.30758099948798,1.4249999999999998,-0.575,0.85,-0.285,0.12999999999999998,0.11414262345679013,0.03166666666666667,24,0.41328502415458934,0.05166287790468586,0.12500544390730536,0.7072916666666668,2.109375,7.371142961985691,0.00020434433777726877,0.6907889413800953,0.17917871800404875,0.09952554332788435,0.0015890594609613783,0.0010347415230683712,Q
-0.2427777777777778,0.18549683452092638,0.03440907561728395,0.3055325269099839,2.389818270461164,7.817601602020888,1.48,-0.57,0.91,-0.28,0.12999999999999998,0.11901049382716049,0.03027777777777778,24,0.4106280193236715,0.04804729742448297,0.11700930078668206,0.7549999999999999,2.109375,7.22168802503413,0.00022749467167903698,0.6906405189432302,0.1848011446383136,0.09602658092921305,0.001748360655737705,0.0011367287381878822,Q
-0.20572916666666666,0.20271522234782413,0.04109346137152777,0.28882166017958016,2.355268644455758,7.403643930021582,1.645,-0.625,1.02,-0.245,0.125,0.12770625000000002,0.04083333333333333,25,0.41064814814814815,0.05290959821233192,0.12884411740545315,0.7694,2.109375,7.48185490016881,0.0002484135747069794,0.6690521502830981,0.20086848629429624,0.10015039380396933,0.002050395943317588,0.0012951848249027234,Q
-0.19583194444444443,0.1996087028596956,0.03984363425733024,0.2796315159673927,1.8467569042261895,5.876150318051092,1.67,-0.645,1.025,-0.225,0.16,0.132809537808642,0.03611111111111111,24,0.41787439613526567,0.04763478550908843,0.11399307052463938,0.7797916666666667,2.109375,7.330267578377576,0.00026376570264010843,0.6759283578973855,0.19810389273936096,0.09662831223038178,0.001847214504028897,0.0011996734296831572,Q
-0.23029166666666664,0.19328400502168364,0.03735870659722222,0.3006542172219331,2.2655306253682173,7.094173667770798,1.5350000000000001,-0.55,0.985,-0.27,0.13000000000000003,0.12463148148148148,0.035,25,0.3972222222222222,0.06990127517867567,0.17597523821205066,0.7394,2.109375,7.344272038269913,0.0002783657975367184,0.698449119595287,0.17187928206910177,0.09909979103581831,0.0018016879688802446,0.0011623610339077264,Q
-0.22263333333333335,0.18894835861214096,0.035701482222222226,0.29200527963263495,2.2566969468579208,7.015291856913697,1.495,-0.565,0.93,-0.255,0.13,0.12156812962962962,0.029166666666666667,24,0.41292270531400954,0.0408626837207449,0.09895964352376949,0.7472916666666668,2.109375,7.116136585021931,0.00026088197215641036,0.7008092862602318,0.1755763202246172,0.09633877405970454,0.0016530772436787996,0.0010364785992217898,Q
-0.1927263888888889,0.187657352857287,0.03521528208140432,0.26899580490326525,2.350494996419959,7.53450236818799,1.595,-0.595,1.0,-0.23,0.13499999999999998,0.12051173148148148,0.03944444444444444,23,0.4172979797979798,0.05221612242866722,0.1251291042768667,0.7710869565217393,2.109375,7.2297492050954855,0.0002370770322523864,0.6965724309661715,0.17694683418083618,0.0986104410288348,0.001691108641289247,0.0010659672040022234,Q
-0.3085972222222222,0.18889423552482001,0.03568103221450618,0.3618193993939211,2.306582872885007,7.58912008806041,1.52,-0.69,0.83,-0.35,0.13,0.12158560185185185,0.03638888888888889,24,0.41219806763285016,0.0632462912040701,0.1534366513828598,0.7558333333333334,2.109375,7.380511728764185,0.00026657059412193626,0.6681908464030193,0.20165174883639841,0.10114393440813486,0.001719956932481245,0.0010730961645358532,Q
-0.26364166666666666,0.18532865532915063,0.03434671048611111,0.3222633067677561,2.2889645693507052,7.549547975808354,1.53,-0.65,0.88,-0.3,0.14125,0.12019878240740739,0.04,24,0.408816425120773,0.05294375233307934,0.12950495400824133,0.759375,2.109375,7.979112732106363,0.00021807418247165203,0.632953040675374,0.22219012121207532,0.11060110499560193,0.0017440400111141984,0.0011316147859922177,Q
-0.3293652777777778,0.17959713764401383,0.03225513184992285,0.3751487945543149,2.2329904351805916,7.386095819870885,1.505,-0.71,0.795,-0.365,0.13,0.11649388503086418,0.03111111111111111,24,0.41473429951690827,0.05103225106299504,0.12304806022178186,0.7295833333333333,2.109375,7.697521947010484,0.00020076608384288707,0.6650318171639381,0.19981025027140584,0.10151522202165845,0.0017039038621839402,0.0011332267926625903,Q
-0.28598055555555557,0.18565667136387418,0.03446839962191358,0.34095934915731196,2.090990442948047,6.7347827453886016,1.645,-0.72,0.925,-0.32,0.14125,0.12127136574074074,0.03361111111111111,24,0.4118357487922705,0.045202008201262085,0.10975736888752202,0.741875,2.109375,7.442867720537221,0.00020442651724669349,0.6617275653254302,0.21216823768700402,0.09765005990694955,0.0016696929702695194,0.0010764313507504169,Q
-0.2591777777777778,0.18619144584586275,0.03466725450617284,0.3191243879743446,2.1324870958140756,7.4311043640232874,1.6,-0.73,0.87,-0.29,0.13499999999999998,0.11941069135802469,0.03777777777777778,24,0.40990338164251205,0.04251413587462027,0.10371745581669294,0.7647916666666666,2.109375,7.64191707715951,0.00020742595234079763,0.6373914635489475,0.2292697687296015,0.10406119692255661,0.0017419005279244234,0.001088674263479711,Q
-0.2972625,0.19665621224861476,0.038673665815972216,0.35642483039516515,2.097365130695033,6.365303485964434,1.595,-0.695,0.9,-0.335,0.15499999999999997,0.13047475694444446,0.03111111111111111,24,0.4135265700483091,0.06252377083023099,0.15119650189086234,0.7304166666666667,2.109375,7.345841421031041,0.00023654089706846797,0.6774886704754026,0.19379167362892474,0.10144891006285521,0.001651173937204779,0.0010051070038910506,Q
-0.19866666666666669,0.1959258646642766,0.03838694444444444,0.27902578534767875,2.2999587093249834,7.345977023288459,1.555,-0.58,0.975,-0.245,0.13999999999999999,0.12686925925925926,0.028055555555555556,25,0.41238425925925926,0.06033801375992133,0.14631502635018812,0.7846,2.109375,7.4709818888466275,0.0002277011484500405,0.6578216094799016,0.21047752261443956,0.10248102949225507,0.001921658794109475,0.0011847623679822122,Q
-0.2786472222222222,0.18676917718895567,0.03488272554783951,0.3354504434338998,2.182833362040761,7.04105690467909,1.6,-0.76,0.84,-0.315,0.12,0.11964106018518518,0.03861111111111111,24,0.4140096618357488,0.051347112284222826,0.12402394682420216,0.7610416666666667,2.109375,7.60771873003835,0.00018937609658353568,0.6556956271692111,0.21126099221313552,0.1010100892977401,0.0017731661572659074,0.0011670372429127293,Q
-0.2583722222222222,0.18141083762050392,0.03290989200617284,0.31569937792498454,2.2911052312817515,7.5371661690202565,1.5750000000000002,-0.665,0.91,-0.295,0.10999999999999999,0.114280512345679,0.03777777777777778,24,0.4175120772946859,0.0611025179652742,0.14634910290785955,0.7335416666666666,2.109375,7.451124830621436,0.00019811538037927724,0.6658095306247133,0.20399943654817176,0.0999475344183634,0.0016313837176993608,0.0010511673151750972,Q
-0.2419166666666667,0.1878614479107172,0.035291923611111116,0.30629331893174266,1.9965550782653816,5.739609620975758,1.5150000000000001,-0.67,0.845,-0.28,0.13500000000000004,0.12452513888888887,0.03666666666666667,24,0.4153381642512076,0.0477054668865648,0.11485933870914704,0.7152083333333333,2.109375,7.277364475800359,0.00021704998709655649,0.6757365999810309,0.2002507660090275,0.09527051473350209,0.0015608849680466797,0.0010138757643135075,Q
-0.21850555555555556,0.1883874257782563,0.035489822191358024,0.2885038994537162,2.0988856417668518,6.540153714729286,1.5499999999999998,-0.595,0.955,-0.255,0.14,0.12348354320987653,0.03722222222222222,24,0.41376811594202895,0.053043940231878625,0.12819726360769265,0.74125,2.8125,7.751313620186864,0.00020331468300274096,0.6613152130207438,0.1998740779239299,0.10782545892992852,0.0016791400388996944,0.0010793287937743191,Q
-0.25703611111111113,0.1954630011206693,0.03820578480709877,0.32291383869729434,2.207438655202403,6.992045473038283,1.65,-0.635,1.015,-0.3,0.15,0.1286259799382716,0.03,23,0.4170454545454545,0.055733902207910094,0.13363987450398063,0.7982608695652172,2.109375,7.352332838105083,0.0002470863138677629,0.6779665477639423,0.19391666650577952,0.10003114941348251,0.0017745901639344263,0.0011103321289605333,Q
-0.22718472222222222,0.18545341745130306,0.03439297004436728,0.29326757075332344,2.4046001326985094,8.514992089988189,1.65,-0.65,1.0,-0.265,0.14,0.11861426697530865,0.03194444444444444,24,0.4118357487922705,0.06174581133100892,0.14992824569523575,0.7697916666666668,2.109375,8.105581431359711,0.0001901533060622576,0.6067498039935219,0.2448891154627504,0.11510033380683682,0.0017840094470686302,0.0011177459699833244,Q
-0.1869111111111111,0.18333212238657312,0.03361066709876543,0.261813732557243,2.2006437063428876,7.424112921405573,1.5499999999999998,-0.565,0.985,-0.22,0.13999999999999999,0.11902044444444446,0.045,24,0.4095410628019322,0.05725554870571884,0.13980417082965266,0.7416666666666666,2.8125,8.091419397493512,0.00018708088005535553,0.6111122563851509,0.2423283354364854,0.11299426732350337,0.0016877813281467075,0.0010876876042245692,Q
-0.15220694444444444,0.1917744920084734,0.03677745578510803,0.24483547480343248,2.3327277032529743,7.327486519070499,1.565,-0.565,1.0,-0.19,0.14,0.1229422762345679,0.03722222222222222,24,0.41437198067632847,0.050954734616253584,0.12296858135312728,0.7483333333333334,2.109375,7.325452989795384,0.0002571297193159397,0.6875740612279602,0.1836281803403766,0.10016145829046051,0.0017823353709363712,0.0011376459143968873,Q
-0.17703194444444442,0.19707634682922368,0.03883908647955246,0.2649139404284594,1.9918032749500214,5.987928800529694,1.7999999999999998,-0.705,1.095,-0.22,0.16499999999999998,0.13499841358024692,0.034166666666666665,24,0.41002415458937197,0.0523581021472655,0.12769516517801424,0.7549999999999999,2.109375,7.243771572364724,0.00021217585050255553,0.6762377697152654,0.1971885514094292,0.09910220787838281,0.001717998055015282,0.001074958310172318,Q
-0.26516805555555556,0.19287425619240817,0.037200478701774696,0.3278941542462886,2.23653181296544,7.551218815223859,1.6,-0.68,0.92,-0.3,0.13499999999999998,0.12432419753086418,0.034722222222222224,25,0.4112268518518518,0.04963523820402844,0.12070038223552089,0.7732000000000001,2.109375,7.6698021199595745,0.00020195086350480624,0.6381524758901844,0.22500379469273968,0.1083141233067852,0.001890455682133926,0.0011458032240133408,Q
-0.3264777777777778,0.20047789308869932,0.040191385617283956,0.383117638591595,2.372311524449944,7.918277894698756,1.69,-0.76,0.93,-0.365,0.125,0.12617412962962962,0.027777777777777776,25,0.4146990740740741,0.05654488984023133,0.13635161825833064,0.7462000000000001,2.109375,7.329522104125429,0.00031426768071515234,0.6580287697386676,0.21429662256725177,0.10101148365721302,0.0018683314809669355,0.001110026403557532,Q
-0.2677819444444445,0.19708441777459848,0.03884226772955247,0.33248975548127796,2.1512846574100797,7.2065211341752065,1.665,-0.685,0.98,-0.305,0.15,0.12863986265432098,0.0325,24,0.41545893719806765,0.057343371629433065,0.1380241619452633,0.78625,2.109375,7.672392984426337,0.0002057685735454793,0.6510521941495866,0.21012278154158676,0.10833062315666367,0.001861774103917755,0.0011494093941078374,Q
-0.22917222222222222,0.1885829711457873,0.03556353700617284,0.2967885517408723,2.2116381563820915,7.218239625424305,1.59,-0.66,0.93,-0.27,0.16000000000000003,0.12501424691358026,0.03666666666666667,24,0.41292270531400965,0.061048544473847347,0.1478449687755063,0.7620833333333333,2.109375,7.992666922347864,0.00016722338856631287,0.6491922642956884,0.206713477931458,0.10853063523209781,0.0018588774659627674,0.0012473665925514176,Q
-0.2358,0.18587398359581628,0.03454913777777778,0.30025119113465276,2.4354101692975676,8.413838204480896,1.6,-0.64,0.96,-0.28,0.13000000000000003,0.11902277777777777,0.03666666666666667,24,0.420048309178744,0.05283785369128885,0.12578994495798496,0.7837500000000001,2.109375,7.924106536593495,0.00020818759710629895,0.6474005013417079,0.21078646146091545,0.10700086506965167,0.0019270213948318978,0.0012709908282379097,Q
-0.2652305555555555,0.18086336819612456,0.03271155795524692,0.32102773331217904,2.649373657913275,9.828069805821452,1.565,-0.64,0.925,-0.305,0.10999999999999999,0.11193072067901236,0.04083333333333333,24,0.41521739130434776,0.052024690433153505,0.12529506596466292,0.7754166666666666,2.109375,8.515261113688386,0.00018122884950283856,0.611078210208757,0.22496458274147157,0.12773367194266994,0.0018798763545429286,0.0011754377431906615,Q
-0.21305833333333332,0.18454446750339365,0.03405666048611111,0.28186967536237184,2.4154067045012115,8.332163298621422,1.56,-0.605,0.955,-0.255,0.11625000000000002,0.11808443518518519,0.03277777777777778,24,0.41509661835748785,0.06326796613415325,0.15241744532754992,0.7808333333333334,2.109375,7.829716712710048,0.0002265450537183614,0.6447034040144978,0.21292338597966518,0.11304068702310725,0.0017771255904417895,0.0010881600889382991,Q
-0.20485972222222223,0.19653572912359996,0.03862629282214505,0.28389046939112117,2.3825385611158083,8.07099072481324,1.645,-0.605,1.04,-0.245,0.13,0.12543561188271604,0.034444444444444444,24,0.41340579710144926,0.057883891860096445,0.1400171266729765,0.8039583333333334,2.109375,7.528733088061822,0.0002712627729863074,0.6590099250431632,0.20472687083059365,0.10748559758205715,0.0019408099472075578,0.001196053362979433,Q
-0.2009152777777778,0.19251014342663886,0.037060155322145065,0.27825726255870964,2.215366690354701,7.263669470806475,1.655,-0.645,1.01,-0.25,0.15,0.12801306790123457,0.028055555555555556,24,0.4117149758454105,0.059542655121724845,0.14462105732117392,0.7616666666666667,2.109375,7.843018187589242,0.00021273531336331834,0.6397960320146919,0.21739233237602618,0.11101796242716462,0.0017993400944706864,0.0011526125625347416,Q
-0.2899444444444445,0.18523838911648183,0.03431326080246914,0.3440654613102958,2.4241508895666777,8.296331485651955,1.63,-0.795,0.835,-0.33,0.14,0.11797663580246912,0.035833333333333335,24,0.4091787439613527,0.05357229817404091,0.13092639577363008,0.7616666666666667,2.109375,7.887833035295938,0.00023098497550190405,0.6390149280113344,0.21934686284004573,0.10785019955342287,0.0018146012781328144,0.0011772095608671483,Q
-0.24225555555555556,0.19269199292083328,0.037130204135802466,0.309544759822119,2.1041312533305816,7.165507211080168,1.6,-0.65,0.95,-0.265,0.15999999999999998,0.12548572839506172,0.04611111111111111,24,0.4146135265700483,0.05158659183218191,0.12442090893401288,0.7825000000000001,2.109375,8.07708241134997,0.0001822550658015874,0.6163630434876634,0.23486846726482583,0.11611485519655557,0.0017891080855793277,0.0011145566981656477,Q
-0.2743263888888889,0.1962347598421167,0.038508080970293214,0.33728778307420376,2.149047774791273,7.5043856235702595,1.79,-0.83,0.96,-0.31,0.165,0.13098660108024693,0.03222222222222222,24,0.41086956521739126,0.055452277453658695,0.13496321496657673,0.8129166666666666,2.109375,8.073537838523901,0.00017476493962848217,0.6052281931350162,0.2501726298330658,0.11375513232458738,0.0019000694637399279,0.001172964146748193,Q
-0.22644583333333335,0.19515741469494996,0.038086416510416665,0.2989383413756831,2.271187181185405,7.745234236778382,1.625,-0.645,0.98,-0.26,0.14,0.12673825462962962,0.030833333333333334,25,0.41134259259259265,0.051011607214875306,0.1240124609838274,0.7884,2.109375,7.824023776907165,0.00020952438438554842,0.6352139307506265,0.22222288512990407,0.1127891642879828,0.0019773061961656014,0.0012158351862145637,Q
-0.1899138888888889,0.19012888414145954,0.03614899258487654,0.2687308649518655,2.2018859357167755,7.571370199484319,1.81,-0.8,1.01,-0.23,0.15,0.12499891666666665,0.03166666666666667,24,0.4183574879227053,0.06079043625979932,0.14530739383116004,0.7531249999999999,2.109375,8.231875773636299,0.0001717451072267234,0.6012917361807761,0.24756621955719688,0.11747556297619342,0.001862392331203112,0.0011639730405780988,Q
-0.21624444444444446,0.17931879192043,0.03215522913580247,0.2809214995134564,2.4543618331419403,9.00819490434821,1.5899999999999999,-0.63,0.96,-0.255,0.125,0.11378917283950617,0.03361111111111111,25,0.4072916666666666,0.0688857736190773,0.1691313111875044,0.7486,2.109375,8.320703424839694,0.0001490378453589082,0.6133953783832331,0.23354519915723496,0.1158996574653139,0.0018630591831064183,0.0012165786548082268,Q
-0.22371388888888888,0.17866277615909965,0.031920387584876544,0.28630105076067514,2.4221973165277673,7.95471666028077,1.495,-0.615,0.88,-0.26,0.11499999999999999,0.11133092746913582,0.03666666666666667,24,0.41292270531400965,0.048332421944681854,0.1170495623579894,0.7329166666666667,2.109375,7.731240425588734,0.00015715915304868107,0.6573726477393067,0.2056678014497437,0.10431204147734333,0.0016708599611003055,0.001121414674819344,Q
-0.23578472222222224,0.18318217871813522,0.033555710599922836,0.2985802167480849,2.3032834594578464,7.622920368282433,1.4849999999999999,-0.63,0.855,-0.28,0.14,0.11916685570987653,0.03722222222222222,24,0.41908212560386465,0.046382158005032086,0.11067558163736765,0.7495833333333333,2.109375,7.693621122972784,0.00015668574752218943,0.6162755316540183,0.24984738261829473,0.1063285695272888,0.001557460405668241,0.000971866314619233,Q
-0.23755138888888888,0.18729102465077618,0.035077927914737655,0.3025038682029996,2.334264640805757,7.545721857580935,1.59,-0.67,0.92,-0.275,0.12000000000000002,0.11791588966049384,0.034722222222222224,24,0.4144927536231883,0.05359434746882033,0.129301048089112,0.7508333333333335,2.109375,7.44309692364587,0.00023828096501902427,0.6647329052926463,0.20266770488156588,0.10534311456890127,0.0016535426507363158,0.0010147998888271263,Q
-0.22219583333333331,0.190532198312385,0.03630251859375,0.29270037059157344,2.240593953656756,8.046256003666889,1.7349999999999999,-0.715,1.02,-0.26,0.14,0.12065119444444447,0.035277777777777776,25,0.390625,0.07311508497376014,0.18717461753282597,0.7624,2.109375,7.979100702220938,0.00021429508234072035,0.6085175917447012,0.2486148938073124,0.11124418566438371,0.0018341900527924424,0.0011461506392440248,Q
-0.25858055555555554,0.18121645025807068,0.0328394018441358,0.315758302433294,2.513085152381552,9.297482506406332,1.6400000000000001,-0.68,0.96,-0.295,0.12999999999999998,0.11435707098765434,0.028888888888888888,24,0.41388888888888886,0.05961047291327853,0.14402530368308908,0.7860416666666666,2.109375,8.187615220634303,0.00016757238378481166,0.6067747700103476,0.24428263886601417,0.11372272994297655,0.001879549874965268,0.0012121595330739298,Q
-0.2516541666666666,0.18088169433016155,0.032718187343749996,0.30991612888722725,2.22354069102176,7.286667506459834,1.49,-0.665,0.825,-0.29,0.13999999999999999,0.11761942592592593,0.03111111111111111,24,0.4102657004830919,0.053547243518082176,0.13051845049447167,0.719375,2.8125,7.843164413625253,0.000186708015556932,0.6393185009004635,0.22123270952920504,0.105865184495231,0.0016676021116976939,0.0010988604780433574,Q
-0.24205138888888889,0.17715073265838988,0.03138238208140432,0.2999520910819667,2.522026239000375,9.593255161494676,1.6549999999999998,-0.695,0.96,-0.275,0.11000000000000001,0.11068048456790125,0.03666666666666667,24,0.4097826086956522,0.04935078768415514,0.12043163042287196,0.7816666666666666,2.109375,8.467215178524338,0.00016994875087819584,0.5739432744135132,0.2707561280643105,0.11880085646172148,0.0018277229786051682,0.0011793635352973875,Q
-0.2169916666666667,0.19370411266642967,0.037521283263888885,0.2908722514552852,2.415721244709621,8.279912317974905,1.6800000000000002,-0.685,0.995,-0.26,0.13,0.12298978703703703,0.03277777777777778,24,0.41340579710144926,0.04618171776833317,0.11171037777440802,0.7983333333333333,2.109375,7.488465841342557,0.0002633738594296883,0.6650764746255631,0.201843677269392,0.10432307812091793,0.0018585718255070853,0.001152452751528627,Q
-0.23079027777777777,0.18603738920780458,0.03460991018325617,0.29643559587202073,2.5064232747596624,9.065072510049422,1.6099999999999999,-0.66,0.95,-0.275,0.13,0.11847132175925926,0.028333333333333332,24,0.4103864734299517,0.06068813540930465,0.1478804476718783,0.8070833333333333,2.109375,7.953606183492612,0.00018360547839540596,0.6199144717406309,0.23619418517512047,0.11376016764029274,0.001838281467074187,0.0011222415230683713,Q
-0.2517652777777778,0.1845019998835621,0.03404098796103395,0.3121325728845927,2.48192286689295,8.57073911100649,1.54,-0.645,0.895,-0.295,0.13499999999999998,0.11804711265432098,0.027777777777777776,25,0.41157407407407404,0.06320928125925326,0.1535793560404804,0.7588000000000001,2.109375,8.492567237255013,0.00012936920509180433,0.5898487722541546,0.25262483447710654,0.12048091087889568,0.0019647332592386776,0.0012835881045025013,Q
-0.24172222222222223,0.18488759514771716,0.03418342283950617,0.3043239319467918,2.4911034581296594,9.164895698498437,1.615,-0.69,0.925,-0.285,0.13500000000000004,0.11769277777777779,0.03305555555555555,24,0.41859903381642505,0.05437412138966426,0.12989547752637626,0.8014583333333333,2.109375,8.362171024281022,0.00017235421882581657,0.5919586738056374,0.25547740742904657,0.11688022138995541,0.0019223186996387889,0.0012269733185102834,Q
-0.2691777777777778,0.17944475799766207,0.032200421172839507,0.32350749175594407,2.5247679848643854,9.667658947585045,1.675,-0.75,0.925,-0.31,0.10999999999999999,0.11275292592592592,0.029444444444444443,24,0.4159420289855073,0.047630498418192634,0.11451234811342478,0.7995833333333334,2.109375,8.569591964030385,0.00015655749303517273,0.57733228078276,0.26478881557136835,0.12193774217512575,0.0018563767713253685,0.0011848179544191218,Q
